<metadata xml:lang="de"><Esri><CreaDate>20221222</CreaDate><CreaTime>15242000</CreaTime><ArcGISFormat>1.0</ArcGISFormat><SyncOnce>FALSE</SyncOnce><DataProperties><itemProps><itemName Sync="TRUE">GI2003_Paul_korr5</itemName><imsContentType Sync="TRUE">002</imsContentType><itemLocation><linkage Sync="TRUE">file://\\WUT-USCHOENE-VM\C$\Users\ClientAdmin\GIS 2020\Gletscher\GI_shapefiles korrigiert\GI2003_Paul_korr5.shp</linkage><protocol Sync="TRUE">Local Area Network</protocol></itemLocation><itemSize Sync="TRUE">0.000</itemSize></itemProps><coordRef><type Sync="TRUE">Projected</type><geogcsn Sync="TRUE">GCS_CH1903+</geogcsn><csUnits Sync="TRUE">Linear Unit: Meter (1.000000)</csUnits><projcsn Sync="TRUE">CH1903+_LV95</projcsn><peXml Sync="TRUE">&lt;ProjectedCoordinateSystem xsi:type='typens:ProjectedCoordinateSystem' xmlns:xsi='http://www.w3.org/2001/XMLSchema-instance' xmlns:xs='http://www.w3.org/2001/XMLSchema' xmlns:typens='http://www.esri.com/schemas/ArcGIS/3.0.0'&gt;&lt;WKT&gt;PROJCS[&amp;quot;CH1903+_LV95&amp;quot;,GEOGCS[&amp;quot;GCS_CH1903+&amp;quot;,DATUM[&amp;quot;D_CH1903+&amp;quot;,SPHEROID[&amp;quot;Bessel_1841&amp;quot;,6377397.155,299.1528128]],PRIMEM[&amp;quot;Greenwich&amp;quot;,0.0],UNIT[&amp;quot;Degree&amp;quot;,0.0174532925199433]],PROJECTION[&amp;quot;Hotine_Oblique_Mercator_Azimuth_Center&amp;quot;],PARAMETER[&amp;quot;False_Easting&amp;quot;,2600000.0],PARAMETER[&amp;quot;False_Northing&amp;quot;,1200000.0],PARAMETER[&amp;quot;Scale_Factor&amp;quot;,1.0],PARAMETER[&amp;quot;Azimuth&amp;quot;,90.0],PARAMETER[&amp;quot;Longitude_Of_Center&amp;quot;,7.439583333333333],PARAMETER[&amp;quot;Latitude_Of_Center&amp;quot;,46.95240555555556],UNIT[&amp;quot;Meter&amp;quot;,1.0],AUTHORITY[&amp;quot;EPSG&amp;quot;,2056]]&lt;/WKT&gt;&lt;XOrigin&gt;-27386400&lt;/XOrigin&gt;&lt;YOrigin&gt;-32067900&lt;/YOrigin&gt;&lt;XYScale&gt;140996569.55187955&lt;/XYScale&gt;&lt;ZOrigin&gt;-100000&lt;/ZOrigin&gt;&lt;ZScale&gt;10000&lt;/ZScale&gt;&lt;MOrigin&gt;-100000&lt;/MOrigin&gt;&lt;MScale&gt;10000&lt;/MScale&gt;&lt;XYTolerance&gt;0.001&lt;/XYTolerance&gt;&lt;ZTolerance&gt;0.001&lt;/ZTolerance&gt;&lt;MTolerance&gt;0.001&lt;/MTolerance&gt;&lt;HighPrecision&gt;true&lt;/HighPrecision&gt;&lt;WKID&gt;2056&lt;/WKID&gt;&lt;LatestWKID&gt;2056&lt;/LatestWKID&gt;&lt;/ProjectedCoordinateSystem&gt;</peXml></coordRef><lineage><Process ToolSource="c:\program files\arcgis\pro\Resources\ArcToolbox\toolboxes\Analysis Tools.tbx\Erase" Date="20221222" Time="152422">Erase GI_2003_Pauletal(2011)_complete SGI_2016_glaciers "C:\Users\ClientAdmin\GIS 2020\CAMELS_Project.gdb\GI_2003_Pauletal2011_c_Erase" #</Process><Process ToolSource="c:\program files\arcgis\pro\Resources\ArcToolbox\toolboxes\Conversion Tools.tbx\ExportFeatures" Date="20221222" Time="152516">ExportFeatures GI_2003_Pauletal2011_c_Erase "C:\Users\ClientAdmin\GIS 2020\GI_shapefiles\GI2003_Paul_korr.shp" # NOT_USE_ALIAS "gid "gid" true true false 254 Text 0 0,First,#,GI_2003_Pauletal2011_c_Erase,gid,0,254;sgi_id "sgi_id" true true false 254 Text 0 0,First,#,GI_2003_Pauletal2011_c_Erase,sgi_id,0,254;name "name" true true false 254 Text 0 0,First,#,GI_2003_Pauletal2011_c_Erase,name,0,254;year_acq "year_acq" true true false 254 Text 0 0,First,#,GI_2003_Pauletal2011_c_Erase,year_acq,0,254;year_rel "year_rel" true true false 254 Text 0 0,First,#,GI_2003_Pauletal2011_c_Erase,year_rel,0,254;area_km2 "area_km2" true true false 8 Double 0 0,First,#,GI_2003_Pauletal2011_c_Erase,area_km2,-1,-1;length_km "length_km" true true false 254 Text 0 0,First,#,GI_2003_Pauletal2011_c_Erase,length_km,0,254;masl_min "masl_min" true true false 254 Text 0 0,First,#,GI_2003_Pauletal2011_c_Erase,masl_min,0,254;masl_med "masl_med" true true false 254 Text 0 0,First,#,GI_2003_Pauletal2011_c_Erase,masl_med,0,254;masl_mean "masl_mean" true true false 254 Text 0 0,First,#,GI_2003_Pauletal2011_c_Erase,masl_mean,0,254;masl_max "masl_max" true true false 254 Text 0 0,First,#,GI_2003_Pauletal2011_c_Erase,masl_max,0,254;slope_deg "slope_deg" true true false 8 Double 0 0,First,#,GI_2003_Pauletal2011_c_Erase,slope_deg,-1,-1;aspect_deg "aspect_deg" true true false 254 Text 0 0,First,#,GI_2003_Pauletal2011_c_Erase,aspect_deg,0,254;CAMELS_ID "CAMELS_ID" true true false 254 Text 0 0,First,#,GI_2003_Pauletal2011_c_Erase,CAMELS_ID,0,254;GLIMS_ID "GLIMS_ID" true true false 254 Text 0 0,First,#,GI_2003_Pauletal2011_c_Erase,GLIMS_ID,0,254;glac_id "glac_id" true true false 254 Text 0 0,First,#,GI_2003_Pauletal2011_c_Erase,glac_id,0,254;ObjectID "ObjectID" true true false 4 Long 0 0,First,#,GI_2003_Pauletal2011_c_Erase,ObjectID,-1,-1;Shape_Length "Shape_Length" false true true 8 Double 0 0,First,#,GI_2003_Pauletal2011_c_Erase,Shape_Length,-1,-1;Shape_Area "Shape_Area" false true true 8 Double 0 0,First,#,GI_2003_Pauletal2011_c_Erase,Shape_Area,-1,-1" #</Process><Process ToolSource="c:\program files\arcgis\pro\Resources\ArcToolbox\toolboxes\Data Management Tools.tbx\DeleteField" Date="20230105" Time="101120">DeleteField GI2003_Paul_korr sgi_id "Delete Fields"</Process><Process ToolSource="c:\program files\arcgis\pro\Resources\ArcToolbox\toolboxes\Conversion Tools.tbx\ExportFeatures" Date="20230105" Time="101244">ExportFeatures GI2003_Paul_korr "C:\Users\ClientAdmin\GIS 2020\GI2003_Paul_korr2.shp" # NOT_USE_ALIAS "gid "gid" true true false 254 Text 0 0,First,#,GI2003_Paul_korr,GI2003_Paul_korr.gid,0,254;name "name" true true false 254 Text 0 0,First,#,GI2003_Paul_korr,GI2003_Paul_korr.name,0,254;year_acq "year_acq" true true false 254 Text 0 0,First,#,GI2003_Paul_korr,GI2003_Paul_korr.year_acq,0,254;year_rel "year_rel" true true false 254 Text 0 0,First,#,GI2003_Paul_korr,GI2003_Paul_korr.year_rel,0,254;area_km2 "area_km2" true true false 19 Double 0 0,First,#,GI2003_Paul_korr,GI2003_Paul_korr.area_km2,-1,-1;length_km "length_km" true true false 254 Text 0 0,First,#,GI2003_Paul_korr,GI2003_Paul_korr.length_km,0,254;masl_min "masl_min" true true false 254 Text 0 0,First,#,GI2003_Paul_korr,GI2003_Paul_korr.masl_min,0,254;masl_med "masl_med" true true false 254 Text 0 0,First,#,GI2003_Paul_korr,GI2003_Paul_korr.masl_med,0,254;masl_mean "masl_mean" true true false 254 Text 0 0,First,#,GI2003_Paul_korr,GI2003_Paul_korr.masl_mean,0,254;masl_max "masl_max" true true false 254 Text 0 0,First,#,GI2003_Paul_korr,GI2003_Paul_korr.masl_max,0,254;slope_deg "slope_deg" true true false 19 Double 0 0,First,#,GI2003_Paul_korr,GI2003_Paul_korr.slope_deg,-1,-1;aspect_deg "aspect_deg" true true false 254 Text 0 0,First,#,GI2003_Paul_korr,GI2003_Paul_korr.aspect_deg,0,254;CAMELS_ID "CAMELS_ID" true true false 254 Text 0 0,First,#,GI2003_Paul_korr,GI2003_Paul_korr.CAMELS_ID,0,254;GLIMS_ID "GLIMS_ID" true true false 254 Text 0 0,First,#,GI2003_Paul_korr,GI2003_Paul_korr.GLIMS_ID,0,254;glac_id "glac_id" true true false 254 Text 0 0,First,#,GI2003_Paul_korr,GI2003_Paul_korr.glac_id,0,254;ObjectID "ObjectID" true true false 10 Long 0 10,First,#,GI2003_Paul_korr,GI2003_Paul_korr.ObjectID,-1,-1;Shape_Leng "Shape_Leng" true true false 19 Double 0 0,First,#,GI2003_Paul_korr,GI2003_Paul_korr.Shape_Leng,-1,-1;Shape_Area "Shape_Area" true true false 19 Double 0 0,First,#,GI2003_Paul_korr,GI2003_Paul_korr.Shape_Area,-1,-1;CAMELS_ID "CAMELS_ID" true true false 255 Text 0 0,First,#,GI2003_Paul_korr,ID_03$.CAMELS_ID,0,255;sgi_id "sgi#id" true true false 255 Text 0 0,First,#,GI2003_Paul_korr,ID_03$.sgi_id,0,255;ObjectID "ObjectID" false true false 4 Long 0 9,First,#,GI2003_Paul_korr,ID_03$.ObjectID,-1,-1" #</Process><Process ToolSource="c:\program files\arcgis\pro\Resources\ArcToolbox\toolboxes\Data Management Tools.tbx\DeleteField" Date="20230105" Time="101305">DeleteField GI2003_Paul_korr2 CAMELS_I_1 "Delete Fields"</Process><Process ToolSource="c:\program files\arcgis\pro\Resources\ArcToolbox\toolboxes\Data Management Tools.tbx\DeleteField" Date="20230105" Time="101327">DeleteField GI2003_Paul_korr2 ObjectID_1 "Delete Fields"</Process><Process ToolSource="c:\program files\arcgis\pro\Resources\ArcToolbox\toolboxes\Data Management Tools.tbx\DeleteField" Date="20230105" Time="101348">DeleteField GI2003_Paul_korr2 ObjectID "Delete Fields"</Process><Process ToolSource="c:\program files\arcgis\pro\Resources\ArcToolbox\toolboxes\Conversion Tools.tbx\ExportFeatures" Date="20230105" Time="101512">ExportFeatures GI2003_Paul_korr2 "C:\Users\ClientAdmin\GIS 2020\CAMELS_Project.gdb\GI2003_Paul_ko_ExportFeature2" # NOT_USE_ALIAS "gid "gid" true true false 254 Text 0 0,First,#,GI2003_Paul_korr2,gid,0,254;name "name" true true false 254 Text 0 0,First,#,GI2003_Paul_korr2,name,0,254;year_acq "year_acq" true true false 254 Text 0 0,First,#,GI2003_Paul_korr2,year_acq,0,254;year_rel "year_rel" true true false 254 Text 0 0,First,#,GI2003_Paul_korr2,year_rel,0,254;area_km2 "area_km2" true true false 19 Double 0 0,First,#,GI2003_Paul_korr2,area_km2,-1,-1;length_km "length_km" true true false 254 Text 0 0,First,#,GI2003_Paul_korr2,length_km,0,254;masl_min "masl_min" true true false 254 Text 0 0,First,#,GI2003_Paul_korr2,masl_min,0,254;masl_med "masl_med" true true false 254 Text 0 0,First,#,GI2003_Paul_korr2,masl_med,0,254;masl_mean "masl_mean" true true false 254 Text 0 0,First,#,GI2003_Paul_korr2,masl_mean,0,254;masl_max "masl_max" true true false 254 Text 0 0,First,#,GI2003_Paul_korr2,masl_max,0,254;slope_deg "slope_deg" true true false 19 Double 0 0,First,#,GI2003_Paul_korr2,slope_deg,-1,-1;aspect_deg "aspect_deg" true true false 254 Text 0 0,First,#,GI2003_Paul_korr2,aspect_deg,0,254;CAMELS_ID "CAMELS_ID" true true false 254 Text 0 0,First,#,GI2003_Paul_korr2,CAMELS_ID,0,254;GLIMS_ID "GLIMS_ID" true true false 254 Text 0 0,First,#,GI2003_Paul_korr2,GLIMS_ID,0,254;glac_id "glac_id" true true false 254 Text 0 0,First,#,GI2003_Paul_korr2,glac_id,0,254;sgi_id "sgi_id" true true false 254 Text 0 0,First,#,GI2003_Paul_korr2,sgi_id,0,254;Shape_Leng "Shape_Leng" true true false 19 Double 0 0,First,#,GI2003_Paul_korr2,Shape_Leng,-1,-1;Shape_Area "Shape_Area" true true false 19 Double 0 0,First,#,GI2003_Paul_korr2,Shape_Area,-1,-1" #</Process><Process ToolSource="c:\program files\arcgis\pro\Resources\ArcToolbox\toolboxes\Data Management Tools.tbx\DeleteField" Date="20230105" Time="101557">DeleteField GI2003_Paul_ko_ExportFeature2 Shape_Leng "Delete Fields"</Process><Process ToolSource="c:\program files\arcgis\pro\Resources\ArcToolbox\toolboxes\Conversion Tools.tbx\ExportFeatures" Date="20230105" Time="101640">ExportFeatures GI2003_Paul_ko_ExportFeature2 "C:\Users\ClientAdmin\GIS 2020\GI2003_Paul_korr4.shp" # NOT_USE_ALIAS "gid "gid" true true false 254 Text 0 0,First,#,GI2003_Paul_ko_ExportFeature2,gid,0,254;name "name" true true false 254 Text 0 0,First,#,GI2003_Paul_ko_ExportFeature2,name,0,254;year_acq "year_acq" true true false 254 Text 0 0,First,#,GI2003_Paul_ko_ExportFeature2,year_acq,0,254;year_rel "year_rel" true true false 254 Text 0 0,First,#,GI2003_Paul_ko_ExportFeature2,year_rel,0,254;area_km2 "area_km2" true true false 8 Double 0 0,First,#,GI2003_Paul_ko_ExportFeature2,area_km2,-1,-1;length_km "length_km" true true false 254 Text 0 0,First,#,GI2003_Paul_ko_ExportFeature2,length_km,0,254;masl_min "masl_min" true true false 254 Text 0 0,First,#,GI2003_Paul_ko_ExportFeature2,masl_min,0,254;masl_med "masl_med" true true false 254 Text 0 0,First,#,GI2003_Paul_ko_ExportFeature2,masl_med,0,254;masl_mean "masl_mean" true true false 254 Text 0 0,First,#,GI2003_Paul_ko_ExportFeature2,masl_mean,0,254;masl_max "masl_max" true true false 254 Text 0 0,First,#,GI2003_Paul_ko_ExportFeature2,masl_max,0,254;slope_deg "slope_deg" true true false 8 Double 0 0,First,#,GI2003_Paul_ko_ExportFeature2,slope_deg,-1,-1;aspect_deg "aspect_deg" true true false 254 Text 0 0,First,#,GI2003_Paul_ko_ExportFeature2,aspect_deg,0,254;CAMELS_ID "CAMELS_ID" true true false 254 Text 0 0,First,#,GI2003_Paul_ko_ExportFeature2,CAMELS_ID,0,254;GLIMS_ID "GLIMS_ID" true true false 254 Text 0 0,First,#,GI2003_Paul_ko_ExportFeature2,GLIMS_ID,0,254;glac_id "glac_id" true true false 254 Text 0 0,First,#,GI2003_Paul_ko_ExportFeature2,glac_id,0,254;sgi_id "sgi_id" true true false 254 Text 0 0,First,#,GI2003_Paul_ko_ExportFeature2,sgi_id,0,254;Shape_Length "Shape_Length" false true true 8 Double 0 0,First,#,GI2003_Paul_ko_ExportFeature2,Shape_Length,-1,-1;Shape_Area "Shape_Area" false true true 8 Double 0 0,First,#,GI2003_Paul_ko_ExportFeature2,Shape_Area,-1,-1" #</Process><Process ToolSource="c:\program files\arcgis\pro\Resources\ArcToolbox\toolboxes\Conversion Tools.tbx\ExportFeatures" Date="20230203" Time="111426">ExportFeatures GI2003_Paul_korr4 "C:\Users\ClientAdmin\GIS 2020\CAMELS_Project.gdb\GI2003_Paul_ko_ExportFeature" # NOT_USE_ALIAS "gid "gid" true true false 254 Text 0 0,First,#,GI2003_Paul_korr4,gid,0,254;name "name" true true false 254 Text 0 0,First,#,GI2003_Paul_korr4,name,0,254;year_acq "year_acq" true true false 254 Text 0 0,First,#,GI2003_Paul_korr4,year_acq,0,254;year_rel "year_rel" true true false 254 Text 0 0,First,#,GI2003_Paul_korr4,year_rel,0,254;area_km2 "area_km2" true true false 19 Double 0 0,First,#,GI2003_Paul_korr4,area_km2,-1,-1;length_km "length_km" true true false 254 Text 0 0,First,#,GI2003_Paul_korr4,length_km,0,254;masl_min "masl_min" true true false 254 Text 0 0,First,#,GI2003_Paul_korr4,masl_min,0,254;masl_med "masl_med" true true false 254 Text 0 0,First,#,GI2003_Paul_korr4,masl_med,0,254;masl_mean "masl_mean" true true false 254 Text 0 0,First,#,GI2003_Paul_korr4,masl_mean,0,254;masl_max "masl_max" true true false 254 Text 0 0,First,#,GI2003_Paul_korr4,masl_max,0,254;slope_deg "slope_deg" true true false 19 Double 0 0,First,#,GI2003_Paul_korr4,slope_deg,-1,-1;aspect_deg "aspect_deg" true true false 254 Text 0 0,First,#,GI2003_Paul_korr4,aspect_deg,0,254;CAMELS_ID "CAMELS_ID" true true false 254 Text 0 0,First,#,GI2003_Paul_korr4,CAMELS_ID,0,254;GLIMS_ID "GLIMS_ID" true true false 254 Text 0 0,First,#,GI2003_Paul_korr4,GLIMS_ID,0,254;glac_id "glac_id" true true false 254 Text 0 0,First,#,GI2003_Paul_korr4,glac_id,0,254;sgi_id "sgi_id" true true false 254 Text 0 0,First,#,GI2003_Paul_korr4,sgi_id,0,254;Shape_Leng "Shape_Leng" true true false 19 Double 0 0,First,#,GI2003_Paul_korr4,Shape_Leng,-1,-1;Shape_Area "Shape_Area" true true false 19 Double 0 0,First,#,GI2003_Paul_korr4,Shape_Area,-1,-1" #</Process><Process ToolSource="c:\program files\arcgis\pro\Resources\ArcToolbox\toolboxes\Data Management Tools.tbx\DeleteField" Date="20230203" Time="111508">DeleteField GI2003_Paul_ko_ExportFeature CAMELS_ID "Delete Fields"</Process><Process ToolSource="c:\program files\arcgis\pro\Resources\ArcToolbox\toolboxes\Data Management Tools.tbx\UpdateSchema" Date="20230203" Time="111545">UpdateSchema "CIMDATA=&lt;CIMStandardDataConnection xsi:type='typens:CIMStandardDataConnection' xmlns:xsi='http://www.w3.org/2001/XMLSchema-instance' xmlns:xs='http://www.w3.org/2001/XMLSchema' xmlns:typens='http://www.esri.com/schemas/ArcGIS/3.0.0'&gt;&lt;WorkspaceConnectionString&gt;DATABASE=C:\Users\ClientAdmin\GIS 2020\CAMELS_Project.gdb&lt;/WorkspaceConnectionString&gt;&lt;WorkspaceFactory&gt;FileGDB&lt;/WorkspaceFactory&gt;&lt;Dataset&gt;GI2003_Paul_ko_ExportFeature&lt;/Dataset&gt;&lt;DatasetType&gt;esriDTFeatureClass&lt;/DatasetType&gt;&lt;/CIMStandardDataConnection&gt;" &lt;operationSequence&gt;&lt;workflow&gt;&lt;AlterField&gt;&lt;field_name&gt;sgi_id&lt;/field_name&gt;&lt;new_field_name&gt;CAMELS_ID&lt;/new_field_name&gt;&lt;field_type&gt;TEXT&lt;/field_type&gt;&lt;field_is_nullable&gt;True&lt;/field_is_nullable&gt;&lt;clear_field_alias&gt;False&lt;/clear_field_alias&gt;&lt;/AlterField&gt;&lt;/workflow&gt;&lt;/operationSequence&gt;</Process><Process ToolSource="c:\program files\arcgis\pro\Resources\ArcToolbox\toolboxes\Conversion Tools.tbx\ExportFeatures" Date="20230203" Time="111621">ExportFeatures GI2003_Paul_ko_ExportFeature "C:\Users\ClientAdmin\GIS 2020\Gletscher\GI_shapefiles korrigiert\GI2003_Paul_korr5.shp" # NOT_USE_ALIAS "gid "gid" true true false 254 Text 0 0,First,#,GI2003_Paul_ko_ExportFeature,gid,0,254;name "name" true true false 254 Text 0 0,First,#,GI2003_Paul_ko_ExportFeature,name,0,254;year_acq "year_acq" true true false 254 Text 0 0,First,#,GI2003_Paul_ko_ExportFeature,year_acq,0,254;year_rel "year_rel" true true false 254 Text 0 0,First,#,GI2003_Paul_ko_ExportFeature,year_rel,0,254;area_km2 "area_km2" true true false 8 Double 0 0,First,#,GI2003_Paul_ko_ExportFeature,area_km2,-1,-1;length_km "length_km" true true false 254 Text 0 0,First,#,GI2003_Paul_ko_ExportFeature,length_km,0,254;masl_min "masl_min" true true false 254 Text 0 0,First,#,GI2003_Paul_ko_ExportFeature,masl_min,0,254;masl_med "masl_med" true true false 254 Text 0 0,First,#,GI2003_Paul_ko_ExportFeature,masl_med,0,254;masl_mean "masl_mean" true true false 254 Text 0 0,First,#,GI2003_Paul_ko_ExportFeature,masl_mean,0,254;masl_max "masl_max" true true false 254 Text 0 0,First,#,GI2003_Paul_ko_ExportFeature,masl_max,0,254;slope_deg "slope_deg" true true false 8 Double 0 0,First,#,GI2003_Paul_ko_ExportFeature,slope_deg,-1,-1;aspect_deg "aspect_deg" true true false 254 Text 0 0,First,#,GI2003_Paul_ko_ExportFeature,aspect_deg,0,254;GLIMS_ID "GLIMS_ID" true true false 254 Text 0 0,First,#,GI2003_Paul_ko_ExportFeature,GLIMS_ID,0,254;glac_id "glac_id" true true false 254 Text 0 0,First,#,GI2003_Paul_ko_ExportFeature,glac_id,0,254;CAMELS_ID "CAMELS_ID" true true false 254 Text 0 0,First,#,GI2003_Paul_ko_ExportFeature,CAMELS_ID,0,254;Shape_Leng "Shape_Leng" true true false 8 Double 0 0,First,#,GI2003_Paul_ko_ExportFeature,Shape_Leng,-1,-1;Shape_Length "Shape_Length" false true true 8 Double 0 0,First,#,GI2003_Paul_ko_ExportFeature,Shape_Length,-1,-1;Shape_Area "Shape_Area" false true true 8 Double 0 0,First,#,GI2003_Paul_ko_ExportFeature,Shape_Area,-1,-1" #</Process></lineage></DataProperties><SyncDate>20230203</SyncDate><SyncTime>11162100</SyncTime><ModDate>20230203</ModDate><ModTime>11162100</ModTime></Esri><dataIdInfo><envirDesc Sync="TRUE">Microsoft Windows 10 Version 10.0 (Build 19042) ; Esri ArcGIS 13.0.3.36057</envirDesc><dataLang><languageCode value="deu" Sync="TRUE"></languageCode><countryCode value="CHE" Sync="TRUE"></countryCode></dataLang><idCitation><resTitle Sync="TRUE">GI2003_Paul_korr5</resTitle><presForm><PresFormCd value="005" Sync="TRUE"></PresFormCd></presForm></idCitation><spatRpType><SpatRepTypCd value="001" Sync="TRUE"></SpatRepTypCd></spatRpType></dataIdInfo><mdLang><languageCode value="deu" Sync="TRUE"></languageCode><countryCode value="CHE" Sync="TRUE"></countryCode></mdLang><distInfo><distFormat><formatName Sync="TRUE">Shapefile</formatName></distFormat><distTranOps><transSize Sync="TRUE">0.000</transSize></distTranOps></distInfo><mdHrLv><ScopeCd value="005" Sync="TRUE"></ScopeCd></mdHrLv><mdHrLvName Sync="TRUE">dataset</mdHrLvName><refSysInfo><RefSystem><refSysID><identCode code="2056" Sync="TRUE"></identCode><idCodeSpace Sync="TRUE">EPSG</idCodeSpace><idVersion Sync="TRUE">4.5(8.1.0)</idVersion></refSysID></RefSystem></refSysInfo><spatRepInfo><VectSpatRep><geometObjs Name="GI2003_Paul_korr5"><geoObjTyp><GeoObjTypCd value="002" Sync="TRUE"></GeoObjTypCd></geoObjTyp><geoObjCnt Sync="TRUE">0</geoObjCnt></geometObjs><topLvl><TopoLevCd value="001" Sync="TRUE"></TopoLevCd></topLvl></VectSpatRep></spatRepInfo><spdoinfo><ptvctinf><esriterm Name="GI2003_Paul_korr5"><efeatyp Sync="TRUE">Simple</efeatyp><efeageom code="4" Sync="TRUE"></efeageom><esritopo Sync="TRUE">FALSE</esritopo><efeacnt Sync="TRUE">0</efeacnt><spindex Sync="TRUE">FALSE</spindex><linrefer Sync="TRUE">TRUE</linrefer></esriterm></ptvctinf></spdoinfo><eainfo><detailed Name="GI2003_Paul_korr5"><enttyp><enttypl Sync="TRUE">GI2003_Paul_korr5</enttypl><enttypt Sync="TRUE">Feature Class</enttypt><enttypc Sync="TRUE">0</enttypc></enttyp><attr><attrlabl Sync="TRUE">FID</attrlabl><attalias Sync="TRUE">FID</attalias><attrtype Sync="TRUE">OID</attrtype><attwidth Sync="TRUE">4</attwidth><atprecis Sync="TRUE">0</atprecis><attscale Sync="TRUE">0</attscale><attrdef Sync="TRUE">Internal feature number.</attrdef><attrdefs Sync="TRUE">Esri</attrdefs><attrdomv><udom Sync="TRUE">Sequential unique whole numbers that are automatically generated.</udom></attrdomv></attr><attr><attrlabl Sync="TRUE">Shape</attrlabl><attalias Sync="TRUE">Shape</attalias><attrtype Sync="TRUE">Geometry</attrtype><attwidth Sync="TRUE">0</attwidth><atprecis Sync="TRUE">0</atprecis><attscale Sync="TRUE">0</attscale><attrdef Sync="TRUE">Feature geometry.</attrdef><attrdefs Sync="TRUE">Esri</attrdefs><attrdomv><udom Sync="TRUE">Coordinates defining the features.</udom></attrdomv></attr><attr><attrlabl Sync="TRUE">gid</attrlabl><attalias Sync="TRUE">gid</attalias><attrtype Sync="TRUE">String</attrtype><attwidth Sync="TRUE">254</attwidth><atprecis Sync="TRUE">0</atprecis><attscale Sync="TRUE">0</attscale></attr><attr><attrlabl Sync="TRUE">name</attrlabl><attalias Sync="TRUE">name</attalias><attrtype Sync="TRUE">String</attrtype><attwidth Sync="TRUE">254</attwidth><atprecis Sync="TRUE">0</atprecis><attscale Sync="TRUE">0</attscale></attr><attr><attrlabl Sync="TRUE">year_acq</attrlabl><attalias Sync="TRUE">year_acq</attalias><attrtype Sync="TRUE">String</attrtype><attwidth Sync="TRUE">254</attwidth><atprecis Sync="TRUE">0</atprecis><attscale Sync="TRUE">0</attscale></attr><attr><attrlabl Sync="TRUE">year_rel</attrlabl><attalias Sync="TRUE">year_rel</attalias><attrtype Sync="TRUE">String</attrtype><attwidth Sync="TRUE">254</attwidth><atprecis Sync="TRUE">0</atprecis><attscale Sync="TRUE">0</attscale></attr><attr><attrlabl Sync="TRUE">area_km2</attrlabl><attalias Sync="TRUE">area_km2</attalias><attrtype Sync="TRUE">Double</attrtype><attwidth Sync="TRUE">19</attwidth><atprecis Sync="TRUE">0</atprecis><attscale Sync="TRUE">0</attscale></attr><attr><attrlabl Sync="TRUE">length_km</attrlabl><attalias Sync="TRUE">length_km</attalias><attrtype Sync="TRUE">String</attrtype><attwidth Sync="TRUE">254</attwidth><atprecis Sync="TRUE">0</atprecis><attscale Sync="TRUE">0</attscale></attr><attr><attrlabl Sync="TRUE">masl_min</attrlabl><attalias Sync="TRUE">masl_min</attalias><attrtype Sync="TRUE">String</attrtype><attwidth Sync="TRUE">254</attwidth><atprecis Sync="TRUE">0</atprecis><attscale Sync="TRUE">0</attscale></attr><attr><attrlabl Sync="TRUE">masl_med</attrlabl><attalias Sync="TRUE">masl_med</attalias><attrtype Sync="TRUE">String</attrtype><attwidth Sync="TRUE">254</attwidth><atprecis Sync="TRUE">0</atprecis><attscale Sync="TRUE">0</attscale></attr><attr><attrlabl Sync="TRUE">masl_mean</attrlabl><attalias Sync="TRUE">masl_mean</attalias><attrtype Sync="TRUE">String</attrtype><attwidth Sync="TRUE">254</attwidth><atprecis Sync="TRUE">0</atprecis><attscale Sync="TRUE">0</attscale></attr><attr><attrlabl Sync="TRUE">masl_max</attrlabl><attalias Sync="TRUE">masl_max</attalias><attrtype Sync="TRUE">String</attrtype><attwidth Sync="TRUE">254</attwidth><atprecis Sync="TRUE">0</atprecis><attscale Sync="TRUE">0</attscale></attr><attr><attrlabl Sync="TRUE">slope_deg</attrlabl><attalias Sync="TRUE">slope_deg</attalias><attrtype Sync="TRUE">Double</attrtype><attwidth Sync="TRUE">19</attwidth><atprecis Sync="TRUE">0</atprecis><attscale Sync="TRUE">0</attscale></attr><attr><attrlabl Sync="TRUE">aspect_deg</attrlabl><attalias Sync="TRUE">aspect_deg</attalias><attrtype Sync="TRUE">String</attrtype><attwidth Sync="TRUE">254</attwidth><atprecis Sync="TRUE">0</atprecis><attscale Sync="TRUE">0</attscale></attr><attr><attrlabl Sync="TRUE">CAMELS_ID</attrlabl><attalias Sync="TRUE">CAMELS_ID</attalias><attrtype Sync="TRUE">String</attrtype><attwidth Sync="TRUE">254</attwidth><atprecis Sync="TRUE">0</atprecis><attscale Sync="TRUE">0</attscale></attr><attr><attrlabl Sync="TRUE">GLIMS_ID</attrlabl><attalias Sync="TRUE">GLIMS_ID</attalias><attrtype Sync="TRUE">String</attrtype><attwidth Sync="TRUE">254</attwidth><atprecis Sync="TRUE">0</atprecis><attscale Sync="TRUE">0</attscale></attr><attr><attrlabl Sync="TRUE">glac_id</attrlabl><attalias Sync="TRUE">glac_id</attalias><attrtype Sync="TRUE">String</attrtype><attwidth Sync="TRUE">254</attwidth><atprecis Sync="TRUE">0</atprecis><attscale Sync="TRUE">0</attscale></attr><attr><attrlabl Sync="TRUE">Shape_Leng</attrlabl><attalias Sync="TRUE">Shape_Leng</attalias><attrtype Sync="TRUE">Double</attrtype><attwidth Sync="TRUE">19</attwidth><atprecis Sync="TRUE">0</atprecis><attscale Sync="TRUE">0</attscale></attr><attr><attrlabl Sync="TRUE">Shape_Le_1</attrlabl><attalias Sync="TRUE">Shape_Le_1</attalias><attrtype Sync="TRUE">Double</attrtype><attwidth Sync="TRUE">19</attwidth><atprecis Sync="TRUE">0</atprecis><attscale Sync="TRUE">0</attscale></attr><attr><attrlabl Sync="TRUE">Shape_Area</attrlabl><attalias Sync="TRUE">Shape_Area</attalias><attrtype Sync="TRUE">Double</attrtype><attwidth Sync="TRUE">19</attwidth><atprecis Sync="TRUE">0</atprecis><attscale Sync="TRUE">0</attscale><attrdef Sync="TRUE">Area of feature in internal units squared.</attrdef><attrdefs Sync="TRUE">Esri</attrdefs><attrdomv><udom Sync="TRUE">Positive real numbers that are automatically generated.</udom></attrdomv></attr></detailed></eainfo><mdDateSt Sync="TRUE">20230203</mdDateSt></metadata>
