<?xml version="1.0" encoding="UTF-8"?>
<metadata xml:lang="de"><Esri><CreaDate>20230124</CreaDate><CreaTime>10570700</CreaTime><ArcGISFormat>1.0</ArcGISFormat><SyncOnce>FALSE</SyncOnce><DataProperties><itemProps><itemName Sync="TRUE">CAMELS_CH_EZG_76</itemName><imsContentType Sync="TRUE">002</imsContentType><itemLocation><linkage Sync="TRUE">file://\\WUT-USCHOENE-VM\C$\Users\ClientAdmin\GIS 2020\EZG 24.1.23\CAMELS_CH_EZG_76.shp</linkage><protocol Sync="TRUE">Local Area Network</protocol></itemLocation><itemSize Sync="TRUE">0.000</itemSize></itemProps><coordRef><type Sync="TRUE">Projected</type><geogcsn Sync="TRUE">GCS_CH1903+</geogcsn><csUnits Sync="TRUE">Linear Unit: Meter (1.000000)</csUnits><projcsn Sync="TRUE">CH1903+_LV95</projcsn><peXml Sync="TRUE">&lt;ProjectedCoordinateSystem xsi:type='typens:ProjectedCoordinateSystem' xmlns:xsi='http://www.w3.org/2001/XMLSchema-instance' xmlns:xs='http://www.w3.org/2001/XMLSchema' xmlns:typens='http://www.esri.com/schemas/ArcGIS/3.0.0'&gt;&lt;WKT&gt;PROJCS[&amp;quot;CH1903+_LV95&amp;quot;,GEOGCS[&amp;quot;GCS_CH1903+&amp;quot;,DATUM[&amp;quot;D_CH1903+&amp;quot;,SPHEROID[&amp;quot;Bessel_1841&amp;quot;,6377397.155,299.1528128]],PRIMEM[&amp;quot;Greenwich&amp;quot;,0.0],UNIT[&amp;quot;Degree&amp;quot;,0.0174532925199433]],PROJECTION[&amp;quot;Hotine_Oblique_Mercator_Azimuth_Center&amp;quot;],PARAMETER[&amp;quot;False_Easting&amp;quot;,2600000.0],PARAMETER[&amp;quot;False_Northing&amp;quot;,1200000.0],PARAMETER[&amp;quot;Scale_Factor&amp;quot;,1.0],PARAMETER[&amp;quot;Azimuth&amp;quot;,90.0],PARAMETER[&amp;quot;Longitude_Of_Center&amp;quot;,7.439583333333333],PARAMETER[&amp;quot;Latitude_Of_Center&amp;quot;,46.95240555555556],UNIT[&amp;quot;Meter&amp;quot;,1.0],AUTHORITY[&amp;quot;EPSG&amp;quot;,2056]]&lt;/WKT&gt;&lt;XOrigin&gt;-27386400&lt;/XOrigin&gt;&lt;YOrigin&gt;-32067900&lt;/YOrigin&gt;&lt;XYScale&gt;140996569.55187955&lt;/XYScale&gt;&lt;ZOrigin&gt;-100000&lt;/ZOrigin&gt;&lt;ZScale&gt;10000&lt;/ZScale&gt;&lt;MOrigin&gt;-100000&lt;/MOrigin&gt;&lt;MScale&gt;10000&lt;/MScale&gt;&lt;XYTolerance&gt;0.001&lt;/XYTolerance&gt;&lt;ZTolerance&gt;0.001&lt;/ZTolerance&gt;&lt;MTolerance&gt;0.001&lt;/MTolerance&gt;&lt;HighPrecision&gt;true&lt;/HighPrecision&gt;&lt;WKID&gt;2056&lt;/WKID&gt;&lt;LatestWKID&gt;2056&lt;/LatestWKID&gt;&lt;/ProjectedCoordinateSystem&gt;</peXml></coordRef><lineage><Process ToolSource="c:\program files (x86)\arcgis\desktop10.8\ArcToolbox\Toolboxes\Conversion Tools.tbx\FeatureClassToFeatureClass" Date="20220815" Time="100556">FeatureClassToFeatureClass "C:\Users\uschoene.EAWAG\GIS 2020\EZG_72.shp" "C:\Users\uschoene.EAWAG\GIS 2020\CAMELS_CH_EZG.mdb" CAMELS_CH_EZG_LV95_72 # "OBJECTID "OBJECTID" true true false 10 Long 0 10 ,First,#,C:\Users\uschoene.EAWAG\GIS 2020\EZG_72.shp,OBJECTID,-1,-1;ID_BAFU "ID_BAFU" true true false 10 Long 0 10 ,First,#,C:\Users\uschoene.EAWAG\GIS 2020\EZG_72.shp,ID_BAFU,-1,-1;gauging_st "gauging_st" true true false 254 Text 0 0 ,First,#,C:\Users\uschoene.EAWAG\GIS 2020\EZG_72.shp,gauging_st,-1,-1;water_body "water_body" true true false 254 Text 0 0 ,First,#,C:\Users\uschoene.EAWAG\GIS 2020\EZG_72.shp,water_body,-1,-1;country "country" true true false 254 Text 0 0 ,First,#,C:\Users\uschoene.EAWAG\GIS 2020\EZG_72.shp,country,-1,-1;type "type" true true false 254 Text 0 0 ,First,#,C:\Users\uschoene.EAWAG\GIS 2020\EZG_72.shp,type,-1,-1;ID12 "ID12" true true false 19 Double 0 0 ,First,#,C:\Users\uschoene.EAWAG\GIS 2020\EZG_72.shp,ID12,-1,-1;super_catc "super_catc" true true false 19 Double 0 0 ,First,#,C:\Users\uschoene.EAWAG\GIS 2020\EZG_72.shp,super_catc,-1,-1;Shape_Leng "Shape_Leng" true true false 19 Double 0 0 ,First,#,C:\Users\uschoene.EAWAG\GIS 2020\EZG_72.shp,Shape_Leng,-1,-1;Shape_Area "Shape_Area" true true false 19 Double 0 0 ,First,#,C:\Users\uschoene.EAWAG\GIS 2020\EZG_72.shp,Shape_Area,-1,-1;gauging__1 "gauging__1" true true false 254 Text 0 0 ,First,#,C:\Users\uschoene.EAWAG\GIS 2020\EZG_72.shp,gauging__1,-1,-1;water_bo_1 "water_bo_1" true true false 254 Text 0 0 ,First,#,C:\Users\uschoene.EAWAG\GIS 2020\EZG_72.shp,water_bo_1,-1,-1;country_1 "country_1" true true false 254 Text 0 0 ,First,#,C:\Users\uschoene.EAWAG\GIS 2020\EZG_72.shp,country_1,-1,-1;ID12_1 "ID12_1" true true false 16 Double 6 15 ,First,#,C:\Users\uschoene.EAWAG\GIS 2020\EZG_72.shp,ID12_1,-1,-1;super_ca_1 "super_ca_1" true true false 16 Double 6 15 ,First,#,C:\Users\uschoene.EAWAG\GIS 2020\EZG_72.shp,super_ca_1,-1,-1;sub_catchm "sub_catchm" true true false 16 Double 6 15 ,First,#,C:\Users\uschoene.EAWAG\GIS 2020\EZG_72.shp,sub_catchm,-1,-1" #</Process><Process ToolSource="c:\program files (x86)\arcgis\desktop10.7\ArcToolbox\Toolboxes\Conversion Tools.tbx\FeatureClassToFeatureClass" Date="20220826" Time="083951">FeatureClassToFeatureClass \\eawag\userdata\uschoene\Desktop\CAMELS_CH_EZG.mdb\CAMELS_CH_EZG_LV95_v72 \\eawag\userdata\uschoene\Desktop\CAMELS_EZG CAMELS_CH_EZG_LV95_v72.shp # "OBJECTID "OBJECTID" true true false 4 Long 0 0 ,First,#,\\eawag\userdata\uschoene\Desktop\CAMELS_CH_EZG.mdb\CAMELS_CH_EZG_LV95_v72,OBJECTID,-1,-1;ID_BAFU "ID_BAFU" true true false 4 Long 0 0 ,First,#,\\eawag\userdata\uschoene\Desktop\CAMELS_CH_EZG.mdb\CAMELS_CH_EZG_LV95_v72,ID_BAFU,-1,-1;gauging_st "gauging_st" true true false 254 Text 0 0 ,First,#,\\eawag\userdata\uschoene\Desktop\CAMELS_CH_EZG.mdb\CAMELS_CH_EZG_LV95_v72,gauging_st,-1,-1;water_body "water_body" true true false 254 Text 0 0 ,First,#,\\eawag\userdata\uschoene\Desktop\CAMELS_CH_EZG.mdb\CAMELS_CH_EZG_LV95_v72,water_body,-1,-1;country "country" true true false 254 Text 0 0 ,First,#,\\eawag\userdata\uschoene\Desktop\CAMELS_CH_EZG.mdb\CAMELS_CH_EZG_LV95_v72,country,-1,-1;type "type" true true false 254 Text 0 0 ,First,#,\\eawag\userdata\uschoene\Desktop\CAMELS_CH_EZG.mdb\CAMELS_CH_EZG_LV95_v72,type,-1,-1;ID12 "ID12" true true false 8 Double 0 0 ,First,#,\\eawag\userdata\uschoene\Desktop\CAMELS_CH_EZG.mdb\CAMELS_CH_EZG_LV95_v72,ID12,-1,-1;super_catc "super_catc" true true false 8 Double 0 0 ,First,#,\\eawag\userdata\uschoene\Desktop\CAMELS_CH_EZG.mdb\CAMELS_CH_EZG_LV95_v72,super_catchment,-1,-1;sub_catchm "sub_catchm" true true false 8 Double 0 0 ,First,#,\\eawag\userdata\uschoene\Desktop\CAMELS_CH_EZG.mdb\CAMELS_CH_EZG_LV95_v72,sub_catchment,-1,-1;Shape_Leng "Shape_Leng" false true true 8 Double 0 0 ,First,#,\\eawag\userdata\uschoene\Desktop\CAMELS_CH_EZG.mdb\CAMELS_CH_EZG_LV95_v72,Shape_Length,-1,-1;Shape_Area "Shape_Area" false true true 8 Double 0 0 ,First,#,\\eawag\userdata\uschoene\Desktop\CAMELS_CH_EZG.mdb\CAMELS_CH_EZG_LV95_v72,Shape_Area,-1,-1" #</Process><Process ToolSource="c:\program files\arcgis\pro\Resources\ArcToolbox\toolboxes\Data Management Tools.tbx\Copy" Date="20221213" Time="113637">Copy "C:\Users\ClientAdmin\GIS 2020\CAMELS_EZG\CAMELS_CH_EZG_LV95_v72.shp" "C:\Users\ClientAdmin\GIS 2020\EZG_7.3\CAMELS_CH_EZG_LV95_v72.shp" Shapefile #</Process><Process ToolSource="c:\program files\arcgis\pro\Resources\ArcToolbox\toolboxes\Data Management Tools.tbx\Rename" Date="20221213" Time="113701">Rename "C:\Users\ClientAdmin\GIS 2020\EZG_7.3\CAMELS_CH_EZG_LV95_v72.shp" "C:\Users\ClientAdmin\GIS 2020\EZG_7.3\CAMELS_CH_EZG_LV95_v73.shp" ShapeFile</Process><Process ToolSource="c:\program files\arcgis\pro\Resources\ArcToolbox\toolboxes\Conversion Tools.tbx\ExportFeatures" Date="20221213" Time="132920">ExportFeatures CAMELS_CH_EZG_LV95_v73 "C:\Users\ClientAdmin\GIS 2020\EZG_neu\EZG_73.shp" # NOT_USE_ALIAS "OBJECTID "OBJECTID" true true false 10 Long 0 10,First,#,CAMELS_CH_EZG_LV95_v73,CAMELS_CH_EZG_LV95_v73.OBJECTID,-1,-1;ID_BAFU "ID_BAFU" true true false 10 Long 0 10,First,#,CAMELS_CH_EZG_LV95_v73,CAMELS_CH_EZG_LV95_v73.ID_BAFU,-1,-1;gauging_st "gauging_st" true true false 254 Text 0 0,First,#,CAMELS_CH_EZG_LV95_v73,CAMELS_CH_EZG_LV95_v73.gauging_st,0,254;water_body "water_body" true true false 254 Text 0 0,First,#,CAMELS_CH_EZG_LV95_v73,CAMELS_CH_EZG_LV95_v73.water_body,0,254;country "country" true true false 254 Text 0 0,First,#,CAMELS_CH_EZG_LV95_v73,CAMELS_CH_EZG_LV95_v73.country,0,254;type "type" true true false 254 Text 0 0,First,#,CAMELS_CH_EZG_LV95_v73,CAMELS_CH_EZG_LV95_v73.type,0,254;ID12 "ID12" true true false 19 Double 0 0,First,#,CAMELS_CH_EZG_LV95_v73,CAMELS_CH_EZG_LV95_v73.ID12,-1,-1;super_catc "super_catc" true true false 19 Double 0 0,First,#,CAMELS_CH_EZG_LV95_v73,CAMELS_CH_EZG_LV95_v73.super_catc,-1,-1;sub_catchm "sub_catchm" true true false 19 Double 0 0,First,#,CAMELS_CH_EZG_LV95_v73,CAMELS_CH_EZG_LV95_v73.sub_catchm,-1,-1;Shape_Leng "Shape_Leng" true true false 19 Double 0 0,First,#,CAMELS_CH_EZG_LV95_v73,CAMELS_CH_EZG_LV95_v73.Shape_Leng,-1,-1;Shape_Area "Shape_Area" true true false 19 Double 0 0,First,#,CAMELS_CH_EZG_LV95_v73,CAMELS_CH_EZG_LV95_v73.Shape_Area,-1,-1;ID "ID" true true false 8 Double 0 0,First,#,CAMELS_CH_EZG_LV95_v73,Sheet1$.ID,-1,-1;gauging_st "gauging_st" true true false 255 Text 0 0,First,#,CAMELS_CH_EZG_LV95_v73,Sheet1$.gauging_st,0,255;water_body "water_body" true true false 255 Text 0 0,First,#,CAMELS_CH_EZG_LV95_v73,Sheet1$.water_body,0,255;type "type" true true false 255 Text 0 0,First,#,CAMELS_CH_EZG_LV95_v73,Sheet1$.type,0,255;country "country" true true false 255 Text 0 0,First,#,CAMELS_CH_EZG_LV95_v73,Sheet1$.country,0,255;ID12 "ID12" true true false 8 Double 0 0,First,#,CAMELS_CH_EZG_LV95_v73,Sheet1$.ID12,-1,-1;ID12_MK "ID12_MK" true true false 8 Double 0 0,First,#,CAMELS_CH_EZG_LV95_v73,Sheet1$.ID12_MK,-1,-1;ID6 "ID6" true true false 255 Text 0 0,First,#,CAMELS_CH_EZG_LV95_v73,Sheet1$.ID6,0,255;ObjectID "ObjectID" false true false 4 Long 0 9,First,#,CAMELS_CH_EZG_LV95_v73,Sheet1$.ObjectID,-1,-1" #</Process><Process ToolSource="c:\program files\arcgis\pro\Resources\ArcToolbox\toolboxes\Data Management Tools.tbx\DeleteField" Date="20221213" Time="133028">DeleteField EZG_73 ID_BAFU;gauging_st;water_body;country;type "Delete Fields"</Process><Process ToolSource="c:\program files\arcgis\pro\Resources\ArcToolbox\toolboxes\Data Management Tools.tbx\DeleteField" Date="20221213" Time="133053">DeleteField EZG_73 super_catc;sub_catchm "Delete Fields"</Process><Process ToolSource="c:\program files\arcgis\pro\Resources\ArcToolbox\toolboxes\Data Management Tools.tbx\DeleteField" Date="20221213" Time="134128">DeleteField EZG_73 ID12_1 "Delete Fields"</Process><Process ToolSource="c:\program files\arcgis\pro\Resources\ArcToolbox\toolboxes\Data Management Tools.tbx\DeleteField" Date="20221213" Time="134142">DeleteField EZG_73 ObjectID_1 "Delete Fields"</Process><Process ToolSource="c:\program files\arcgis\pro\Resources\ArcToolbox\toolboxes\Data Management Tools.tbx\Sort" Date="20221214" Time="101554">Sort EZG_73 "C:\Users\ClientAdmin\GIS 2020\CAMELS_Project.gdb\EZG_73_Sort" "ID ASCENDING;FID ASCENDING" "Upper right"</Process><Process ToolSource="c:\program files\arcgis\pro\Resources\ArcToolbox\toolboxes\Data Management Tools.tbx\UpdateSchema" Date="20221214" Time="102112">UpdateSchema "CIMDATA=&lt;CIMStandardDataConnection xsi:type='typens:CIMStandardDataConnection' xmlns:xsi='http://www.w3.org/2001/XMLSchema-instance' xmlns:xs='http://www.w3.org/2001/XMLSchema' xmlns:typens='http://www.esri.com/schemas/ArcGIS/3.0.0'&gt;&lt;WorkspaceConnectionString&gt;DATABASE=C:\Users\ClientAdmin\GIS 2020\CAMELS_Project.gdb&lt;/WorkspaceConnectionString&gt;&lt;WorkspaceFactory&gt;FileGDB&lt;/WorkspaceFactory&gt;&lt;Dataset&gt;EZG_73_Sort&lt;/Dataset&gt;&lt;DatasetType&gt;esriDTFeatureClass&lt;/DatasetType&gt;&lt;/CIMStandardDataConnection&gt;" &lt;operationSequence&gt;&lt;workflow&gt;&lt;AlterField&gt;&lt;field_name&gt;gauging__1&lt;/field_name&gt;&lt;new_field_name&gt;gauging_station&lt;/new_field_name&gt;&lt;field_type&gt;TEXT&lt;/field_type&gt;&lt;field_is_nullable&gt;True&lt;/field_is_nullable&gt;&lt;clear_field_alias&gt;False&lt;/clear_field_alias&gt;&lt;/AlterField&gt;&lt;/workflow&gt;&lt;workflow&gt;&lt;AlterField&gt;&lt;field_name&gt;water_bo_1&lt;/field_name&gt;&lt;new_field_name&gt;water_body&lt;/new_field_name&gt;&lt;field_type&gt;TEXT&lt;/field_type&gt;&lt;field_is_nullable&gt;True&lt;/field_is_nullable&gt;&lt;clear_field_alias&gt;False&lt;/clear_field_alias&gt;&lt;/AlterField&gt;&lt;/workflow&gt;&lt;workflow&gt;&lt;AlterField&gt;&lt;field_name&gt;type_1&lt;/field_name&gt;&lt;new_field_name&gt;type&lt;/new_field_name&gt;&lt;field_type&gt;TEXT&lt;/field_type&gt;&lt;field_is_nullable&gt;True&lt;/field_is_nullable&gt;&lt;clear_field_alias&gt;False&lt;/clear_field_alias&gt;&lt;/AlterField&gt;&lt;/workflow&gt;&lt;workflow&gt;&lt;AlterField&gt;&lt;field_name&gt;country_1&lt;/field_name&gt;&lt;new_field_name&gt;country&lt;/new_field_name&gt;&lt;field_type&gt;TEXT&lt;/field_type&gt;&lt;field_is_nullable&gt;True&lt;/field_is_nullable&gt;&lt;clear_field_alias&gt;False&lt;/clear_field_alias&gt;&lt;/AlterField&gt;&lt;/workflow&gt;&lt;/operationSequence&gt;</Process><Process ToolSource="c:\program files\arcgis\pro\Resources\ArcToolbox\toolboxes\Data Management Tools.tbx\DeleteField" Date="20221214" Time="102209">DeleteField EZG_73_Sort Shape_Leng "Delete Fields"</Process><Process ToolSource="c:\program files\arcgis\pro\Resources\ArcToolbox\toolboxes\Data Management Tools.tbx\DeleteField" Date="20221214" Time="102222">DeleteField EZG_73_Sort OBJECTID "Delete Fields"</Process><Process ToolSource="c:\program files\arcgis\pro\Resources\ArcToolbox\toolboxes\Data Management Tools.tbx\DeleteField" Date="20221214" Time="102456">DeleteField EZG_73_Sort ORIG_FID "Delete Fields"</Process><Process ToolSource="c:\program files\arcgis\pro\Resources\ArcToolbox\toolboxes\Conversion Tools.tbx\ExportFeatures" Date="20221214" Time="102620">ExportFeatures EZG_73_Sort "C:\Users\ClientAdmin\GIS 2020\EZG_7.3\CAMELS_CH_EZG_73.shp" # NOT_USE_ALIAS "ID12 "ID12" true true false 8 Double 0 0,First,#,EZG_73_Sort,ID12,-1,-1;ID "ID" true true false 8 Double 0 0,First,#,EZG_73_Sort,ID,-1,-1;gauging_station "gauging_station" true true false 254 Text 0 0,First,#,EZG_73_Sort,gauging_station,0,254;water_body "water_body" true true false 254 Text 0 0,First,#,EZG_73_Sort,water_body,0,254;type "type" true true false 254 Text 0 0,First,#,EZG_73_Sort,type,0,254;country "country" true true false 254 Text 0 0,First,#,EZG_73_Sort,country,0,254;ID12_MK "ID12_MK" true true false 8 Double 0 0,First,#,EZG_73_Sort,ID12_MK,-1,-1;ID6 "ID6" true true false 254 Text 0 0,First,#,EZG_73_Sort,ID6,0,254;Shape_Length "Shape_Length" false true true 8 Double 0 0,First,#,EZG_73_Sort,Shape_Length,-1,-1;Shape_Area "Shape_Area" false true true 8 Double 0 0,First,#,EZG_73_Sort,Shape_Area,-1,-1" #</Process><Process ToolSource="c:\program files\arcgis\pro\Resources\ArcToolbox\Toolboxes\Data Management Tools.tbx\Copy" Date="20221215" Time="123322">Copy "C:\Users\ClientAdmin\GIS 2020\EZG_7.3\CAMELS_CH_EZG_73.shp" "C:\Users\ClientAdmin\GIS 2020\CAMELS_EZG\CAMELS_CH_EZG_73.shp" Shapefile #</Process><Process ToolSource="c:\program files\arcgis\pro\Resources\ArcToolbox\toolboxes\Conversion Tools.tbx\ExportFeatures" Date="20221219" Time="082902">ExportFeatures CAMELS_CH_EZG_73 "C:\Users\ClientAdmin\GIS 2020\EZG_7.3\EZG_74_neu.shp" # NOT_USE_ALIAS "ID12 "ID12" true true false 19 Double 0 0,First,#,CAMELS_CH_EZG_73,CAMELS_CH_EZG_73.ID12,-1,-1;ID "ID" true true false 19 Double 0 0,First,#,CAMELS_CH_EZG_73,CAMELS_CH_EZG_73.ID,-1,-1;gauging_st "gauging_st" true true false 254 Text 0 0,First,#,CAMELS_CH_EZG_73,CAMELS_CH_EZG_73.gauging_st,0,254;water_body "water_body" true true false 254 Text 0 0,First,#,CAMELS_CH_EZG_73,CAMELS_CH_EZG_73.water_body,0,254;type "type" true true false 254 Text 0 0,First,#,CAMELS_CH_EZG_73,CAMELS_CH_EZG_73.type,0,254;country "country" true true false 254 Text 0 0,First,#,CAMELS_CH_EZG_73,CAMELS_CH_EZG_73.country,0,254;ID12_MK "ID12_MK" true true false 19 Double 0 0,First,#,CAMELS_CH_EZG_73,CAMELS_CH_EZG_73.ID12_MK,-1,-1;ID6 "ID6" true true false 254 Text 0 0,First,#,CAMELS_CH_EZG_73,CAMELS_CH_EZG_73.ID6,0,254;Shape_Leng "Shape_Leng" true true false 19 Double 0 0,First,#,CAMELS_CH_EZG_73,CAMELS_CH_EZG_73.Shape_Leng,-1,-1;Shape_Area "Shape_Area" true true false 19 Double 0 0,First,#,CAMELS_CH_EZG_73,CAMELS_CH_EZG_73.Shape_Area,-1,-1;gauge_ID "gauge_ID" true true false 8 Double 0 0,First,#,CAMELS_CH_EZG_73,hier$.gauge_ID,-1,-1;H1 "H1" true true false 8 Double 0 0,First,#,CAMELS_CH_EZG_73,hier$.H1,-1,-1;H2 "H2" true true false 8 Double 0 0,First,#,CAMELS_CH_EZG_73,hier$.H2,-1,-1;ObjectID "ObjectID" false true false 4 Long 0 9,First,#,CAMELS_CH_EZG_73,hier$.ObjectID,-1,-1" #</Process><Process ToolSource="c:\program files\arcgis\pro\Resources\ArcToolbox\toolboxes\Data Management Tools.tbx\DeleteField" Date="20221219" Time="082944">DeleteField EZG_74_neu gauge_ID "Delete Fields"</Process><Process ToolSource="c:\program files\arcgis\pro\Resources\ArcToolbox\toolboxes\Data Management Tools.tbx\DeleteField" Date="20221219" Time="085633">DeleteField EZG_74_neu ObjectID "Delete Fields"</Process><Process ToolSource="c:\program files\arcgis\pro\Resources\ArcToolbox\toolboxes\Data Management Tools.tbx\Rename" Date="20221219" Time="090006">Rename "C:\Users\ClientAdmin\GIS 2020\EZG_7.3\EZG_74_neu.shp" "C:\Users\ClientAdmin\GIS 2020\EZG_7.3\CAMELS_CH_EZG_74.shp" ShapeFile</Process><Process ToolSource="c:\program files\arcgis\pro\Resources\ArcToolbox\toolboxes\Data Management Tools.tbx\CopyMultiple" Date="20221219" Time="090237">CopyMultiple "'C:\Users\ClientAdmin\GIS 2020\EZG_7.4\CAMELS_CH_EZG_74.shp' shapefile_polygon;'C:\Users\ClientAdmin\GIS 2020\EZG_7.4\CAMELS_CH_station_74.shp' shapefile_point" "C:\Users\ClientAdmin\GIS 2020\CAMELS_EZG" CAMELS_CH_EZG_74;CAMELS_CH_station_74 "CAMELS_CH_EZG_74 FeatureClass CAMELS_CH_EZG_74.shp #;CAMELS_CH_station_74 FeatureClass CAMELS_CH_station_74.shp #"</Process><Process ToolSource="c:\program files\arcgis\pro\Resources\ArcToolbox\toolboxes\Conversion Tools.tbx\ExportFeatures" Date="20221223" Time="102738">ExportFeatures CAMELS_CH_EZG_74 "C:\Users\ClientAdmin\GIS 2020\CAMELS_Project.gdb\CAMELS_CH_EZG__ExportFeature1" # NOT_USE_ALIAS "ID12 "ID12" true true false 19 Double 0 0,First,#,CAMELS_CH_EZG_74,ID12,-1,-1;ID "ID" true true false 19 Double 0 0,First,#,CAMELS_CH_EZG_74,ID,-1,-1;gauging_st "gauging_st" true true false 254 Text 0 0,First,#,CAMELS_CH_EZG_74,gauging_st,0,254;water_body "water_body" true true false 254 Text 0 0,First,#,CAMELS_CH_EZG_74,water_body,0,254;type "type" true true false 254 Text 0 0,First,#,CAMELS_CH_EZG_74,type,0,254;country "country" true true false 254 Text 0 0,First,#,CAMELS_CH_EZG_74,country,0,254;ID12_MK "ID12_MK" true true false 19 Double 0 0,First,#,CAMELS_CH_EZG_74,ID12_MK,-1,-1;ID6 "ID6" true true false 254 Text 0 0,First,#,CAMELS_CH_EZG_74,ID6,0,254;Shape_Leng "Shape_Leng" true true false 19 Double 0 0,First,#,CAMELS_CH_EZG_74,Shape_Leng,-1,-1;Shape_Area "Shape_Area" true true false 19 Double 0 0,First,#,CAMELS_CH_EZG_74,Shape_Area,-1,-1;H1 "H1" true true false 19 Double 0 0,First,#,CAMELS_CH_EZG_74,H1,-1,-1;H2 "H2" true true false 19 Double 0 0,First,#,CAMELS_CH_EZG_74,H2,-1,-1" #</Process><Process ToolSource="c:\program files\arcgis\pro\Resources\ArcToolbox\toolboxes\Data Management Tools.tbx\DeleteField" Date="20221223" Time="102815">DeleteField CAMELS_CH_EZG__ExportFeature1 ID12 "Delete Fields"</Process><Process ToolSource="c:\program files\arcgis\pro\Resources\ArcToolbox\toolboxes\Data Management Tools.tbx\UpdateSchema" Date="20221223" Time="102851">UpdateSchema "CIMDATA=&lt;CIMStandardDataConnection xsi:type='typens:CIMStandardDataConnection' xmlns:xsi='http://www.w3.org/2001/XMLSchema-instance' xmlns:xs='http://www.w3.org/2001/XMLSchema' xmlns:typens='http://www.esri.com/schemas/ArcGIS/3.0.0'&gt;&lt;WorkspaceConnectionString&gt;DATABASE=C:\Users\ClientAdmin\GIS 2020\CAMELS_Project.gdb&lt;/WorkspaceConnectionString&gt;&lt;WorkspaceFactory&gt;FileGDB&lt;/WorkspaceFactory&gt;&lt;Dataset&gt;CAMELS_CH_EZG__ExportFeature1&lt;/Dataset&gt;&lt;DatasetType&gt;esriDTFeatureClass&lt;/DatasetType&gt;&lt;/CIMStandardDataConnection&gt;" &lt;operationSequence&gt;&lt;workflow&gt;&lt;AlterField&gt;&lt;field_name&gt;ID12_MK&lt;/field_name&gt;&lt;new_field_name&gt;ID12&lt;/new_field_name&gt;&lt;field_is_nullable&gt;True&lt;/field_is_nullable&gt;&lt;clear_field_alias&gt;False&lt;/clear_field_alias&gt;&lt;/AlterField&gt;&lt;/workflow&gt;&lt;/operationSequence&gt;</Process><Process ToolSource="c:\program files\arcgis\pro\Resources\ArcToolbox\toolboxes\Conversion Tools.tbx\ExportFeatures" Date="20221223" Time="102944">ExportFeatures CAMELS_CH_EZG__ExportFeature1 "C:\Users\ClientAdmin\GIS 2020\CAMELS_EZG\CAMELS_CH_EZG_75.shp" # NOT_USE_ALIAS "ID "ID" true true false 8 Double 0 0,First,#,CAMELS_CH_EZG__ExportFeature1,ID,-1,-1;gauging_st "gauging_st" true true false 254 Text 0 0,First,#,CAMELS_CH_EZG__ExportFeature1,gauging_st,0,254;water_body "water_body" true true false 254 Text 0 0,First,#,CAMELS_CH_EZG__ExportFeature1,water_body,0,254;type "type" true true false 254 Text 0 0,First,#,CAMELS_CH_EZG__ExportFeature1,type,0,254;country "country" true true false 254 Text 0 0,First,#,CAMELS_CH_EZG__ExportFeature1,country,0,254;ID12 "ID12" true true false 8 Double 0 0,First,#,CAMELS_CH_EZG__ExportFeature1,ID12,-1,-1;ID6 "ID6" true true false 254 Text 0 0,First,#,CAMELS_CH_EZG__ExportFeature1,ID6,0,254;Shape_Leng "Shape_Leng" true true false 8 Double 0 0,First,#,CAMELS_CH_EZG__ExportFeature1,Shape_Leng,-1,-1;H1 "H1" true true false 8 Double 0 0,First,#,CAMELS_CH_EZG__ExportFeature1,H1,-1,-1;H2 "H2" true true false 8 Double 0 0,First,#,CAMELS_CH_EZG__ExportFeature1,H2,-1,-1;Shape_Length "Shape_Length" false true true 8 Double 0 0,First,#,CAMELS_CH_EZG__ExportFeature1,Shape_Length,-1,-1;Shape_Area "Shape_Area" false true true 8 Double 0 0,First,#,CAMELS_CH_EZG__ExportFeature1,Shape_Area,-1,-1" #</Process><Process ToolSource="c:\program files\arcgis\pro\Resources\ArcToolbox\toolboxes\Data Management Tools.tbx\DeleteField" Date="20221223" Time="103449">DeleteField CAMELS_CH_EZG_75 Shape_Leng "Delete Fields"</Process><Process ToolSource="c:\program files\arcgis\pro\Resources\ArcToolbox\toolboxes\Conversion Tools.tbx\ExportFeatures" Date="20221223" Time="103735">ExportFeatures CAMELS_CH_EZG_75 "C:\Users\ClientAdmin\GIS 2020\CAMELS_Project.gdb\CAMELS_CH_EZG__ExportFeature7" # NOT_USE_ALIAS "ID "ID" true true false 19 Double 0 0,First,#,CAMELS_CH_EZG_75,ID,-1,-1;gauging_st "gauging_st" true true false 254 Text 0 0,First,#,CAMELS_CH_EZG_75,gauging_st,0,254;water_body "water_body" true true false 254 Text 0 0,First,#,CAMELS_CH_EZG_75,water_body,0,254;type "type" true true false 254 Text 0 0,First,#,CAMELS_CH_EZG_75,type,0,254;country "country" true true false 254 Text 0 0,First,#,CAMELS_CH_EZG_75,country,0,254;ID12 "ID12" true true false 19 Double 0 0,First,#,CAMELS_CH_EZG_75,ID12,-1,-1;ID6 "ID6" true true false 254 Text 0 0,First,#,CAMELS_CH_EZG_75,ID6,0,254;H1 "H1" true true false 19 Double 0 0,First,#,CAMELS_CH_EZG_75,H1,-1,-1;H2 "H2" true true false 19 Double 0 0,First,#,CAMELS_CH_EZG_75,H2,-1,-1;Shape_Le_1 "Shape_Le_1" true true false 19 Double 0 0,First,#,CAMELS_CH_EZG_75,Shape_Le_1,-1,-1;Shape_Area "Shape_Area" true true false 19 Double 0 0,First,#,CAMELS_CH_EZG_75,Shape_Area,-1,-1" #</Process><Process ToolSource="c:\program files\arcgis\pro\Resources\ArcToolbox\toolboxes\Data Management Tools.tbx\DeleteField" Date="20221223" Time="103751">DeleteField CAMELS_CH_EZG__ExportFeature7 Shape_Le_1 "Delete Fields"</Process><Process ToolSource="c:\program files\arcgis\pro\Resources\ArcToolbox\toolboxes\Conversion Tools.tbx\ExportFeatures" Date="20221223" Time="103843">ExportFeatures CAMELS_CH_EZG__ExportFeature7 "C:\Users\ClientAdmin\GIS 2020\CAMELS_EZG\CAMELS_CH_EZG_75.shp" # NOT_USE_ALIAS "ID "ID" true true false 8 Double 0 0,First,#,CAMELS_CH_EZG__ExportFeature7,ID,-1,-1;gauging_st "gauging_st" true true false 254 Text 0 0,First,#,CAMELS_CH_EZG__ExportFeature7,gauging_st,0,254;water_body "water_body" true true false 254 Text 0 0,First,#,CAMELS_CH_EZG__ExportFeature7,water_body,0,254;type "type" true true false 254 Text 0 0,First,#,CAMELS_CH_EZG__ExportFeature7,type,0,254;country "country" true true false 254 Text 0 0,First,#,CAMELS_CH_EZG__ExportFeature7,country,0,254;ID12 "ID12" true true false 8 Double 0 0,First,#,CAMELS_CH_EZG__ExportFeature7,ID12,-1,-1;ID6 "ID6" true true false 254 Text 0 0,First,#,CAMELS_CH_EZG__ExportFeature7,ID6,0,254;H1 "H1" true true false 8 Double 0 0,First,#,CAMELS_CH_EZG__ExportFeature7,H1,-1,-1;H2 "H2" true true false 8 Double 0 0,First,#,CAMELS_CH_EZG__ExportFeature7,H2,-1,-1;Shape_Length "Shape_Length" false true true 8 Double 0 0,First,#,CAMELS_CH_EZG__ExportFeature7,Shape_Length,-1,-1;Shape_Area "Shape_Area" false true true 8 Double 0 0,First,#,CAMELS_CH_EZG__ExportFeature7,Shape_Area,-1,-1" #</Process><Process ToolSource="c:\program files\arcgis\pro\Resources\ArcToolbox\Toolboxes\Data Management Tools.tbx\DeleteField" Date="20230116" Time="161037">DeleteField CAMELS_CH_EZG_75 ID12 "Delete Fields"</Process><Process ToolSource="c:\program files\arcgis\pro\Resources\ArcToolbox\toolboxes\Conversion Tools.tbx\ExportFeatures" Date="20230117" Time="111432">ExportFeatures CAMELS_CH_EZG_75 "C:\Users\ClientAdmin\GIS 2020\CAMELS_Project.gdb\CAMELS_CH_EZG__ExportFeature2" # NOT_USE_ALIAS "ID "ID" true true false 19 Double 0 0,First,#,CAMELS_CH_EZG_75,CAMELS_CH_EZG_75.ID,-1,-1;gauging_st "gauging_st" true true false 254 Text 0 0,First,#,CAMELS_CH_EZG_75,CAMELS_CH_EZG_75.gauging_st,0,254;water_body "water_body" true true false 254 Text 0 0,First,#,CAMELS_CH_EZG_75,CAMELS_CH_EZG_75.water_body,0,254;type "type" true true false 254 Text 0 0,First,#,CAMELS_CH_EZG_75,CAMELS_CH_EZG_75.type,0,254;country "country" true true false 254 Text 0 0,First,#,CAMELS_CH_EZG_75,CAMELS_CH_EZG_75.country,0,254;ID6 "ID6" true true false 254 Text 0 0,First,#,CAMELS_CH_EZG_75,CAMELS_CH_EZG_75.ID6,0,254;H1 "H1" true true false 19 Double 0 0,First,#,CAMELS_CH_EZG_75,CAMELS_CH_EZG_75.H1,-1,-1;H2 "H2" true true false 19 Double 0 0,First,#,CAMELS_CH_EZG_75,CAMELS_CH_EZG_75.H2,-1,-1;Shape_Leng "Shape_Leng" true true false 19 Double 0 0,First,#,CAMELS_CH_EZG_75,CAMELS_CH_EZG_75.Shape_Leng,-1,-1;Shape_Area "Shape_Area" true true false 19 Double 0 0,First,#,CAMELS_CH_EZG_75,CAMELS_CH_EZG_75.Shape_Area,-1,-1;gauge_id "gauge_id" true true false 8 Double 0 0,First,#,CAMELS_CH_EZG_75,Sheet1$.gauge_id,-1,-1;gauge_name "gauge_name" true true false 255 Text 0 0,First,#,CAMELS_CH_EZG_75,Sheet1$.gauge_name,0,255;type_neu "type_neu" true true false 255 Text 0 0,First,#,CAMELS_CH_EZG_75,Sheet1$.type_neu,0,255;ObjectID "ObjectID" false true false 4 Long 0 9,First,#,CAMELS_CH_EZG_75,Sheet1$.ObjectID,-1,-1" #</Process><Process ToolSource="c:\program files\arcgis\pro\Resources\ArcToolbox\toolboxes\Data Management Tools.tbx\UpdateSchema" Date="20230117" Time="111526">UpdateSchema "CIMDATA=&lt;CIMStandardDataConnection xsi:type='typens:CIMStandardDataConnection' xmlns:xsi='http://www.w3.org/2001/XMLSchema-instance' xmlns:xs='http://www.w3.org/2001/XMLSchema' xmlns:typens='http://www.esri.com/schemas/ArcGIS/3.0.0'&gt;&lt;WorkspaceConnectionString&gt;DATABASE=C:\Users\ClientAdmin\GIS 2020\CAMELS_Project.gdb&lt;/WorkspaceConnectionString&gt;&lt;WorkspaceFactory&gt;FileGDB&lt;/WorkspaceFactory&gt;&lt;Dataset&gt;CAMELS_CH_EZG__ExportFeature2&lt;/Dataset&gt;&lt;DatasetType&gt;esriDTFeatureClass&lt;/DatasetType&gt;&lt;/CIMStandardDataConnection&gt;" &lt;operationSequence&gt;&lt;workflow&gt;&lt;AlterField&gt;&lt;field_name&gt;type&lt;/field_name&gt;&lt;new_field_name&gt;type_alt&lt;/new_field_name&gt;&lt;field_type&gt;TEXT&lt;/field_type&gt;&lt;field_is_nullable&gt;True&lt;/field_is_nullable&gt;&lt;clear_field_alias&gt;False&lt;/clear_field_alias&gt;&lt;/AlterField&gt;&lt;/workflow&gt;&lt;workflow&gt;&lt;AlterField&gt;&lt;field_name&gt;type&lt;/field_name&gt;&lt;new_field_name&gt;type&lt;/new_field_name&gt;&lt;field_type&gt;TEXT&lt;/field_type&gt;&lt;field_is_nullable&gt;True&lt;/field_is_nullable&gt;&lt;clear_field_alias&gt;False&lt;/clear_field_alias&gt;&lt;/AlterField&gt;&lt;/workflow&gt;&lt;/operationSequence&gt;</Process><Process ToolSource="c:\program files\arcgis\pro\Resources\ArcToolbox\toolboxes\Data Management Tools.tbx\UpdateSchema" Date="20230117" Time="111540">UpdateSchema "CIMDATA=&lt;CIMStandardDataConnection xsi:type='typens:CIMStandardDataConnection' xmlns:xsi='http://www.w3.org/2001/XMLSchema-instance' xmlns:xs='http://www.w3.org/2001/XMLSchema' xmlns:typens='http://www.esri.com/schemas/ArcGIS/3.0.0'&gt;&lt;WorkspaceConnectionString&gt;DATABASE=C:\Users\ClientAdmin\GIS 2020\CAMELS_Project.gdb&lt;/WorkspaceConnectionString&gt;&lt;WorkspaceFactory&gt;FileGDB&lt;/WorkspaceFactory&gt;&lt;Dataset&gt;CAMELS_CH_EZG__ExportFeature2&lt;/Dataset&gt;&lt;DatasetType&gt;esriDTFeatureClass&lt;/DatasetType&gt;&lt;/CIMStandardDataConnection&gt;" &lt;operationSequence&gt;&lt;workflow&gt;&lt;AddField&gt;&lt;field_name&gt;type&lt;/field_name&gt;&lt;field_type&gt;TEXT&lt;/field_type&gt;&lt;field_length&gt;254&lt;/field_length&gt;&lt;field_alias&gt;type&lt;/field_alias&gt;&lt;field_is_nullable&gt;True&lt;/field_is_nullable&gt;&lt;field_is_required&gt;False&lt;/field_is_required&gt;&lt;/AddField&gt;&lt;/workflow&gt;&lt;/operationSequence&gt;</Process><Process ToolSource="c:\program files\arcgis\pro\Resources\ArcToolbox\toolboxes\Data Management Tools.tbx\DeleteField" Date="20230117" Time="111608">DeleteField CAMELS_CH_EZG__ExportFeature2 type "Delete Fields"</Process><Process ToolSource="c:\program files\arcgis\pro\Resources\ArcToolbox\toolboxes\Data Management Tools.tbx\DeleteField" Date="20230117" Time="111621">DeleteField CAMELS_CH_EZG__ExportFeature2 gauging_st "Delete Fields"</Process><Process ToolSource="c:\program files\arcgis\pro\Resources\ArcToolbox\toolboxes\Data Management Tools.tbx\DeleteField" Date="20230117" Time="111637">DeleteField CAMELS_CH_EZG__ExportFeature2 type_alt "Delete Fields"</Process><Process ToolSource="c:\program files\arcgis\pro\Resources\ArcToolbox\toolboxes\Data Management Tools.tbx\DeleteField" Date="20230117" Time="111702">DeleteField CAMELS_CH_EZG__ExportFeature2 ID "Delete Fields"</Process><Process ToolSource="c:\program files\arcgis\pro\Resources\ArcToolbox\toolboxes\Data Management Tools.tbx\DeleteField" Date="20230117" Time="111715">DeleteField CAMELS_CH_EZG__ExportFeature2 Shape_Leng "Delete Fields"</Process><Process ToolSource="c:\program files\arcgis\pro\Resources\ArcToolbox\toolboxes\Data Management Tools.tbx\DeleteField" Date="20230117" Time="111726">DeleteField CAMELS_CH_EZG__ExportFeature2 ObjectID "Delete Fields"</Process><Process ToolSource="c:\program files\arcgis\pro\Resources\ArcToolbox\toolboxes\Data Management Tools.tbx\UpdateSchema" Date="20230117" Time="111752">UpdateSchema "CIMDATA=&lt;CIMStandardDataConnection xsi:type='typens:CIMStandardDataConnection' xmlns:xsi='http://www.w3.org/2001/XMLSchema-instance' xmlns:xs='http://www.w3.org/2001/XMLSchema' xmlns:typens='http://www.esri.com/schemas/ArcGIS/3.0.0'&gt;&lt;WorkspaceConnectionString&gt;DATABASE=C:\Users\ClientAdmin\GIS 2020\CAMELS_Project.gdb&lt;/WorkspaceConnectionString&gt;&lt;WorkspaceFactory&gt;FileGDB&lt;/WorkspaceFactory&gt;&lt;Dataset&gt;CAMELS_CH_EZG__ExportFeature2&lt;/Dataset&gt;&lt;DatasetType&gt;esriDTFeatureClass&lt;/DatasetType&gt;&lt;/CIMStandardDataConnection&gt;" &lt;operationSequence&gt;&lt;workflow&gt;&lt;AlterField&gt;&lt;field_name&gt;type_neu&lt;/field_name&gt;&lt;new_field_name&gt;type&lt;/new_field_name&gt;&lt;field_type&gt;TEXT&lt;/field_type&gt;&lt;field_is_nullable&gt;True&lt;/field_is_nullable&gt;&lt;clear_field_alias&gt;False&lt;/clear_field_alias&gt;&lt;/AlterField&gt;&lt;/workflow&gt;&lt;/operationSequence&gt;</Process><Process ToolSource="c:\program files\arcgis\pro\Resources\ArcToolbox\toolboxes\Conversion Tools.tbx\ExportFeatures" Date="20230117" Time="112015">ExportFeatures CAMELS_CH_EZG__ExportFeature2 "C:\Users\ClientAdmin\GIS 2020\CAMELS_EZG\CAMELS_CH_EZG_75.shp" # NOT_USE_ALIAS "gauge_id "gauge_id" true true false 8 Double 0 0,First,#,CAMELS_CH_EZG__ExportFeature2,gauge_id,-1,-1;ID6 "ID6" true true false 254 Text 0 0,First,#,CAMELS_CH_EZG__ExportFeature2,ID6,0,254;gauge_name "gauge_name" true true false 255 Text 0 0,First,#,CAMELS_CH_EZG__ExportFeature2,gauge_name,0,255;water_body "water_body" true true false 254 Text 0 0,First,#,CAMELS_CH_EZG__ExportFeature2,water_body,0,254;type "type" true true false 255 Text 0 0,First,#,CAMELS_CH_EZG__ExportFeature2,type,0,255;country "country" true true false 254 Text 0 0,First,#,CAMELS_CH_EZG__ExportFeature2,country,0,254;H1 "H1" true true false 8 Double 0 0,First,#,CAMELS_CH_EZG__ExportFeature2,H1,-1,-1;H2 "H2" true true false 8 Double 0 0,First,#,CAMELS_CH_EZG__ExportFeature2,H2,-1,-1;Shape_Length "Shape_Length" false true true 8 Double 0 0,First,#,CAMELS_CH_EZG__ExportFeature2,Shape_Length,-1,-1;Shape_Area "Shape_Area" false true true 8 Double 0 0,First,#,CAMELS_CH_EZG__ExportFeature2,Shape_Area,-1,-1" #</Process><Process ToolSource="c:\program files\arcgis\pro\Resources\ArcToolbox\Toolboxes\Data Management Tools.tbx\DeleteField" Date="20230120" Time="172732">DeleteField CAMELS_CH_EZG_75 H1 "Delete Fields"</Process><Process ToolSource="c:\program files\arcgis\pro\Resources\ArcToolbox\Toolboxes\Data Management Tools.tbx\DeleteField" Date="20230120" Time="172741">DeleteField CAMELS_CH_EZG_75 H2 "Delete Fields"</Process><Process ToolSource="c:\program files\arcgis\pro\Resources\ArcToolbox\toolboxes\Data Management Tools.tbx\Sort" Date="20230124" Time="104552">Sort CAMELS_CH_EZG_75 "C:\Users\ClientAdmin\GIS 2020\EZG 24.1.23\CAMELS_CH_EZG_76" "gauge_id ASCENDING;FID ASCENDING" "Upper right"</Process><Process ToolSource="c:\program files\arcgis\pro\Resources\ArcToolbox\toolboxes\Data Management Tools.tbx\CopyMultiple" Date="20230124" Time="105708">CopyMultiple "'C:\Users\ClientAdmin\GIS 2020\EZG 24.1.23\CAMELS_CH_EZG_76.shp' shapefile_polygon;'C:\Users\ClientAdmin\GIS 2020\EZG 24.1.23\CAMELS_CH_EZG_86.shp' shapefile_polygon;'C:\Users\ClientAdmin\GIS 2020\EZG 24.1.23\CAMELS_CH_EZG_SUB_76.shp' shapefile_polygon;'C:\Users\ClientAdmin\GIS 2020\EZG 24.1.23\CAMELS_CH_station_76.shp' shapefile_point;'C:\Users\ClientAdmin\GIS 2020\EZG 24.1.23\CAMELS_CH_station_86.shp' shapefile_point" "C:\Users\ClientAdmin\GIS 2020\CAMELS_EZG" CAMELS_CH_EZG_76;CAMELS_CH_EZG_86;CAMELS_CH_EZG_SUB_76;CAMELS_CH_station_76;CAMELS_CH_station_86 "CAMELS_CH_EZG_76 FeatureClass CAMELS_CH_EZG_76.shp #;CAMELS_CH_EZG_86 FeatureClass CAMELS_CH_EZG_86.shp #;CAMELS_CH_EZG_SUB_76 FeatureClass CAMELS_CH_EZG_SUB_76.shp #;CAMELS_CH_station_76 FeatureClass CAMELS_CH_station_76.shp #;CAMELS_CH_station_86 FeatureClass CAMELS_CH_station_86.shp #"</Process><Process ToolSource="c:\program files\arcgis\pro\Resources\ArcToolbox\toolboxes\Conversion Tools.tbx\ExportFeatures" Date="20230302" Time="132622">ExportFeatures "C:\Users\ClientAdmin\GIS 2020\CAMELS_EZG\CAMELS_CH_EZG_76.shp" "C:\Users\ClientAdmin\GIS 2020\EZG 24.1.23\CAMELS_CH_EZG_76.shp" # NOT_USE_ALIAS "gauge_id "gauge_id" true true false 19 Double 0 0,First,#,C:\Users\ClientAdmin\GIS 2020\CAMELS_EZG\CAMELS_CH_EZG_76.shp,gauge_id,-1,-1;ID6 "ID6" true true false 254 Text 0 0,First,#,C:\Users\ClientAdmin\GIS 2020\CAMELS_EZG\CAMELS_CH_EZG_76.shp,ID6,0,254;gauge_name "gauge_name" true true false 254 Text 0 0,First,#,C:\Users\ClientAdmin\GIS 2020\CAMELS_EZG\CAMELS_CH_EZG_76.shp,gauge_name,0,254;water_body "water_body" true true false 254 Text 0 0,First,#,C:\Users\ClientAdmin\GIS 2020\CAMELS_EZG\CAMELS_CH_EZG_76.shp,water_body,0,254;type "type" true true false 254 Text 0 0,First,#,C:\Users\ClientAdmin\GIS 2020\CAMELS_EZG\CAMELS_CH_EZG_76.shp,type,0,254;country "country" true true false 254 Text 0 0,First,#,C:\Users\ClientAdmin\GIS 2020\CAMELS_EZG\CAMELS_CH_EZG_76.shp,country,0,254;Shape_Leng "Shape_Leng" true true false 19 Double 0 0,First,#,C:\Users\ClientAdmin\GIS 2020\CAMELS_EZG\CAMELS_CH_EZG_76.shp,Shape_Leng,-1,-1;Shape_Area "Shape_Area" true true false 19 Double 0 0,First,#,C:\Users\ClientAdmin\GIS 2020\CAMELS_EZG\CAMELS_CH_EZG_76.shp,Shape_Area,-1,-1;ORIG_FID "ORIG_FID" true true false 10 Long 0 10,First,#,C:\Users\ClientAdmin\GIS 2020\CAMELS_EZG\CAMELS_CH_EZG_76.shp,ORIG_FID,-1,-1" #</Process></lineage><copyHistory><copy source="C:\Users\ClientAdmin\GIS 2020\EZG 24.1.23\CAMELS_CH_EZG_76" dest="\\WUT-USCHOENE-VM\C$\Users\ClientAdmin\GIS 2020\CAMELS_EZG\CAMELS_CH_EZG_76" date="20230124" time="10570700"></copy></copyHistory></DataProperties><SyncDate>20230302</SyncDate><SyncTime>13261900</SyncTime><ModDate>20230302</ModDate><ModTime>13261900</ModTime></Esri><dataIdInfo><envirDesc Sync="TRUE">Microsoft Windows 10 Version 10.0 (Build 19042) ; Esri ArcGIS 13.0.3.36057</envirDesc><dataLang><languageCode value="deu" Sync="TRUE"></languageCode><countryCode value="CHE" Sync="TRUE"></countryCode></dataLang><idCitation><resTitle Sync="TRUE">CAMELS_CH_EZG_76</resTitle><presForm><PresFormCd value="005" Sync="TRUE"></PresFormCd></presForm></idCitation><spatRpType><SpatRepTypCd value="001" Sync="TRUE"></SpatRepTypCd></spatRpType></dataIdInfo><mdLang><languageCode value="deu" Sync="TRUE"></languageCode><countryCode value="CHE" Sync="TRUE"></countryCode></mdLang><distInfo><distFormat><formatName Sync="TRUE">Shapefile</formatName></distFormat><distTranOps><transSize Sync="TRUE">0.000</transSize></distTranOps></distInfo><mdHrLv><ScopeCd value="005" Sync="TRUE"></ScopeCd></mdHrLv><mdHrLvName Sync="TRUE">dataset</mdHrLvName><refSysInfo><RefSystem><refSysID><identCode code="2056" Sync="TRUE"></identCode><idCodeSpace Sync="TRUE">EPSG</idCodeSpace><idVersion Sync="TRUE">4.5(8.1.0)</idVersion></refSysID></RefSystem></refSysInfo><spatRepInfo><VectSpatRep><geometObjs Name="CAMELS_CH_EZG_76"><geoObjTyp><GeoObjTypCd value="002" Sync="TRUE"></GeoObjTypCd></geoObjTyp><geoObjCnt Sync="TRUE">0</geoObjCnt></geometObjs><topLvl><TopoLevCd value="001" Sync="TRUE"></TopoLevCd></topLvl></VectSpatRep></spatRepInfo><spdoinfo><ptvctinf><esriterm Name="CAMELS_CH_EZG_76"><efeatyp Sync="TRUE">Simple</efeatyp><efeageom code="4" Sync="TRUE"></efeageom><esritopo Sync="TRUE">FALSE</esritopo><efeacnt Sync="TRUE">0</efeacnt><spindex Sync="TRUE">FALSE</spindex><linrefer Sync="TRUE">TRUE</linrefer></esriterm></ptvctinf></spdoinfo><eainfo><detailed Name="CAMELS_CH_EZG_76"><enttyp><enttypl Sync="TRUE">CAMELS_CH_EZG_76</enttypl><enttypt Sync="TRUE">Feature Class</enttypt><enttypc Sync="TRUE">0</enttypc></enttyp><attr><attrlabl Sync="TRUE">FID</attrlabl><attalias Sync="TRUE">FID</attalias><attrtype Sync="TRUE">OID</attrtype><attwidth Sync="TRUE">4</attwidth><atprecis Sync="TRUE">0</atprecis><attscale Sync="TRUE">0</attscale><attrdef Sync="TRUE">Internal feature number.</attrdef><attrdefs Sync="TRUE">Esri</attrdefs><attrdomv><udom Sync="TRUE">Sequential unique whole numbers that are automatically generated.</udom></attrdomv></attr><attr><attrlabl Sync="TRUE">Shape</attrlabl><attalias Sync="TRUE">Shape</attalias><attrtype Sync="TRUE">Geometry</attrtype><attwidth Sync="TRUE">0</attwidth><atprecis Sync="TRUE">0</atprecis><attscale Sync="TRUE">0</attscale><attrdef Sync="TRUE">Feature geometry.</attrdef><attrdefs Sync="TRUE">Esri</attrdefs><attrdomv><udom Sync="TRUE">Coordinates defining the features.</udom></attrdomv></attr><attr><attrlabl Sync="TRUE">water_body</attrlabl><attalias Sync="TRUE">water_body</attalias><attrtype Sync="TRUE">String</attrtype><attwidth Sync="TRUE">254</attwidth><atprecis Sync="TRUE">0</atprecis><attscale Sync="TRUE">0</attscale></attr><attr><attrlabl Sync="TRUE">type</attrlabl><attalias Sync="TRUE">type</attalias><attrtype Sync="TRUE">String</attrtype><attwidth Sync="TRUE">254</attwidth><atprecis Sync="TRUE">0</atprecis><attscale Sync="TRUE">0</attscale></attr><attr><attrlabl Sync="TRUE">country</attrlabl><attalias Sync="TRUE">country</attalias><attrtype Sync="TRUE">String</attrtype><attwidth Sync="TRUE">254</attwidth><atprecis Sync="TRUE">0</atprecis><attscale Sync="TRUE">0</attscale></attr><attr><attrlabl Sync="TRUE">Shape_Area</attrlabl><attalias Sync="TRUE">Shape_Area</attalias><attrtype Sync="TRUE">Double</attrtype><attwidth Sync="TRUE">19</attwidth><atprecis Sync="TRUE">0</atprecis><attscale Sync="TRUE">0</attscale><attrdef Sync="TRUE">Area of feature in internal units squared.</attrdef><attrdefs Sync="TRUE">Esri</attrdefs><attrdomv><udom Sync="TRUE">Positive real numbers that are automatically generated.</udom></attrdomv></attr><attr><attrlabl Sync="TRUE">ID6</attrlabl><attalias Sync="TRUE">ID6</attalias><attrtype Sync="TRUE">String</attrtype><attwidth Sync="TRUE">254</attwidth><atprecis Sync="TRUE">0</atprecis><attscale Sync="TRUE">0</attscale></attr><attr><attrlabl Sync="TRUE">Shape_Leng</attrlabl><attalias Sync="TRUE">Shape_Leng</attalias><attrtype Sync="TRUE">Double</attrtype><attwidth Sync="TRUE">19</attwidth><atprecis Sync="TRUE">0</atprecis><attscale Sync="TRUE">0</attscale></attr><attr><attrlabl Sync="TRUE">gauge_id</attrlabl><attalias Sync="TRUE">gauge_id</attalias><attrtype Sync="TRUE">Double</attrtype><attwidth Sync="TRUE">19</attwidth><atprecis Sync="TRUE">0</atprecis><attscale Sync="TRUE">0</attscale></attr><attr><attrlabl Sync="TRUE">gauge_name</attrlabl><attalias Sync="TRUE">gauge_name</attalias><attrtype Sync="TRUE">String</attrtype><attwidth Sync="TRUE">254</attwidth><atprecis Sync="TRUE">0</atprecis><attscale Sync="TRUE">0</attscale></attr><attr><attrlabl Sync="TRUE">ORIG_FID</attrlabl><attalias Sync="TRUE">ORIG_FID</attalias><attrtype Sync="TRUE">Integer</attrtype><attwidth Sync="TRUE">10</attwidth><atprecis Sync="TRUE">10</atprecis><attscale Sync="TRUE">0</attscale></attr></detailed></eainfo><mdDateSt Sync="TRUE">20230302</mdDateSt><mdChar><CharSetCd value="004" Sync="TRUE"></CharSetCd></mdChar></metadata>
