<metadata xml:lang="de"><Esri><CreaDate>20230117</CreaDate><CreaTime>09474500</CreaTime><ArcGISFormat>1.0</ArcGISFormat><SyncOnce>FALSE</SyncOnce><DataProperties><itemProps><itemName Sync="TRUE">CAMELS_CH_EZG_SUB_76</itemName><imsContentType Sync="TRUE">002</imsContentType><itemLocation><linkage Sync="TRUE">file://\\WUT-USCHOENE-VM\C$\Users\ClientAdmin\GIS 2020\EZG 24.1.23\CAMELS_CH_EZG_SUB_76.shp</linkage><protocol Sync="TRUE">Local Area Network</protocol></itemLocation><itemSize Sync="TRUE">0.000</itemSize></itemProps><coordRef><type Sync="TRUE">Projected</type><geogcsn Sync="TRUE">GCS_CH1903+</geogcsn><csUnits Sync="TRUE">Linear Unit: Meter (1.000000)</csUnits><projcsn Sync="TRUE">CH1903+_LV95</projcsn><peXml Sync="TRUE">&lt;ProjectedCoordinateSystem xsi:type='typens:ProjectedCoordinateSystem' xmlns:xsi='http://www.w3.org/2001/XMLSchema-instance' xmlns:xs='http://www.w3.org/2001/XMLSchema' xmlns:typens='http://www.esri.com/schemas/ArcGIS/3.0.0'&gt;&lt;WKT&gt;PROJCS[&amp;quot;CH1903+_LV95&amp;quot;,GEOGCS[&amp;quot;GCS_CH1903+&amp;quot;,DATUM[&amp;quot;D_CH1903+&amp;quot;,SPHEROID[&amp;quot;Bessel_1841&amp;quot;,6377397.155,299.1528128]],PRIMEM[&amp;quot;Greenwich&amp;quot;,0.0],UNIT[&amp;quot;Degree&amp;quot;,0.0174532925199433]],PROJECTION[&amp;quot;Hotine_Oblique_Mercator_Azimuth_Center&amp;quot;],PARAMETER[&amp;quot;False_Easting&amp;quot;,2600000.0],PARAMETER[&amp;quot;False_Northing&amp;quot;,1200000.0],PARAMETER[&amp;quot;Scale_Factor&amp;quot;,1.0],PARAMETER[&amp;quot;Azimuth&amp;quot;,90.0],PARAMETER[&amp;quot;Longitude_Of_Center&amp;quot;,7.439583333333333],PARAMETER[&amp;quot;Latitude_Of_Center&amp;quot;,46.95240555555556],UNIT[&amp;quot;Meter&amp;quot;,1.0],AUTHORITY[&amp;quot;EPSG&amp;quot;,2056]]&lt;/WKT&gt;&lt;XOrigin&gt;-27386400&lt;/XOrigin&gt;&lt;YOrigin&gt;-32067900&lt;/YOrigin&gt;&lt;XYScale&gt;140996569.55187955&lt;/XYScale&gt;&lt;ZOrigin&gt;-100000&lt;/ZOrigin&gt;&lt;ZScale&gt;10000&lt;/ZScale&gt;&lt;MOrigin&gt;-100000&lt;/MOrigin&gt;&lt;MScale&gt;10000&lt;/MScale&gt;&lt;XYTolerance&gt;0.001&lt;/XYTolerance&gt;&lt;ZTolerance&gt;0.001&lt;/ZTolerance&gt;&lt;MTolerance&gt;0.001&lt;/MTolerance&gt;&lt;HighPrecision&gt;true&lt;/HighPrecision&gt;&lt;WKID&gt;2056&lt;/WKID&gt;&lt;LatestWKID&gt;2056&lt;/LatestWKID&gt;&lt;/ProjectedCoordinateSystem&gt;</peXml></coordRef><lineage><Process ToolSource="c:\program files (x86)\arcgis\desktop10.8\ArcToolbox\Toolboxes\Conversion Tools.tbx\FeatureClassToFeatureClass" Date="20220815" Time="100556">FeatureClassToFeatureClass "C:\Users\uschoene.EAWAG\GIS 2020\EZG_72.shp" "C:\Users\uschoene.EAWAG\GIS 2020\CAMELS_CH_EZG.mdb" CAMELS_CH_EZG_LV95_72 # "OBJECTID "OBJECTID" true true false 10 Long 0 10 ,First,#,C:\Users\uschoene.EAWAG\GIS 2020\EZG_72.shp,OBJECTID,-1,-1;ID_BAFU "ID_BAFU" true true false 10 Long 0 10 ,First,#,C:\Users\uschoene.EAWAG\GIS 2020\EZG_72.shp,ID_BAFU,-1,-1;gauging_st "gauging_st" true true false 254 Text 0 0 ,First,#,C:\Users\uschoene.EAWAG\GIS 2020\EZG_72.shp,gauging_st,-1,-1;water_body "water_body" true true false 254 Text 0 0 ,First,#,C:\Users\uschoene.EAWAG\GIS 2020\EZG_72.shp,water_body,-1,-1;country "country" true true false 254 Text 0 0 ,First,#,C:\Users\uschoene.EAWAG\GIS 2020\EZG_72.shp,country,-1,-1;type "type" true true false 254 Text 0 0 ,First,#,C:\Users\uschoene.EAWAG\GIS 2020\EZG_72.shp,type,-1,-1;ID12 "ID12" true true false 19 Double 0 0 ,First,#,C:\Users\uschoene.EAWAG\GIS 2020\EZG_72.shp,ID12,-1,-1;super_catc "super_catc" true true false 19 Double 0 0 ,First,#,C:\Users\uschoene.EAWAG\GIS 2020\EZG_72.shp,super_catc,-1,-1;Shape_Leng "Shape_Leng" true true false 19 Double 0 0 ,First,#,C:\Users\uschoene.EAWAG\GIS 2020\EZG_72.shp,Shape_Leng,-1,-1;Shape_Area "Shape_Area" true true false 19 Double 0 0 ,First,#,C:\Users\uschoene.EAWAG\GIS 2020\EZG_72.shp,Shape_Area,-1,-1;gauging__1 "gauging__1" true true false 254 Text 0 0 ,First,#,C:\Users\uschoene.EAWAG\GIS 2020\EZG_72.shp,gauging__1,-1,-1;water_bo_1 "water_bo_1" true true false 254 Text 0 0 ,First,#,C:\Users\uschoene.EAWAG\GIS 2020\EZG_72.shp,water_bo_1,-1,-1;country_1 "country_1" true true false 254 Text 0 0 ,First,#,C:\Users\uschoene.EAWAG\GIS 2020\EZG_72.shp,country_1,-1,-1;ID12_1 "ID12_1" true true false 16 Double 6 15 ,First,#,C:\Users\uschoene.EAWAG\GIS 2020\EZG_72.shp,ID12_1,-1,-1;super_ca_1 "super_ca_1" true true false 16 Double 6 15 ,First,#,C:\Users\uschoene.EAWAG\GIS 2020\EZG_72.shp,super_ca_1,-1,-1;sub_catchm "sub_catchm" true true false 16 Double 6 15 ,First,#,C:\Users\uschoene.EAWAG\GIS 2020\EZG_72.shp,sub_catchm,-1,-1" #</Process><Process ToolSource="c:\program files (x86)\arcgis\desktop10.8\ArcToolbox\Toolboxes\Conversion Tools.tbx\FeatureClassToFeatureClass" Date="20220815" Time="102226">FeatureClassToFeatureClass "C:\Users\uschoene.EAWAG\GIS 2020\CAMELS_CH_EZG.mdb\CAMELS_CH_EZG_LV95_v72" "C:\Users\uschoene.EAWAG\GIS 2020\EZG 7.2" CAMELS_CH_EZG_LV95_v72.shp # "OBJECTID "OBJECTID" true true false 4 Long 0 0 ,First,#,C:\Users\uschoene.EAWAG\GIS 2020\CAMELS_CH_EZG.mdb\CAMELS_CH_EZG_LV95_v72,OBJECTID,-1,-1;ID_BAFU "ID_BAFU" true true false 4 Long 0 0 ,First,#,C:\Users\uschoene.EAWAG\GIS 2020\CAMELS_CH_EZG.mdb\CAMELS_CH_EZG_LV95_v72,ID_BAFU,-1,-1;gauging_st "gauging_st" true true false 254 Text 0 0 ,First,#,C:\Users\uschoene.EAWAG\GIS 2020\CAMELS_CH_EZG.mdb\CAMELS_CH_EZG_LV95_v72,gauging_st,-1,-1;water_body "water_body" true true false 254 Text 0 0 ,First,#,C:\Users\uschoene.EAWAG\GIS 2020\CAMELS_CH_EZG.mdb\CAMELS_CH_EZG_LV95_v72,water_body,-1,-1;country "country" true true false 254 Text 0 0 ,First,#,C:\Users\uschoene.EAWAG\GIS 2020\CAMELS_CH_EZG.mdb\CAMELS_CH_EZG_LV95_v72,country,-1,-1;type "type" true true false 254 Text 0 0 ,First,#,C:\Users\uschoene.EAWAG\GIS 2020\CAMELS_CH_EZG.mdb\CAMELS_CH_EZG_LV95_v72,type,-1,-1;ID12 "ID12" true true false 8 Double 0 0 ,First,#,C:\Users\uschoene.EAWAG\GIS 2020\CAMELS_CH_EZG.mdb\CAMELS_CH_EZG_LV95_v72,ID12,-1,-1;super_catc "super_catc" true true false 8 Double 0 0 ,First,#,C:\Users\uschoene.EAWAG\GIS 2020\CAMELS_CH_EZG.mdb\CAMELS_CH_EZG_LV95_v72,super_catchment,-1,-1;sub_catchm "sub_catchm" true true false 8 Double 0 0 ,First,#,C:\Users\uschoene.EAWAG\GIS 2020\CAMELS_CH_EZG.mdb\CAMELS_CH_EZG_LV95_v72,sub_catchment,-1,-1;Shape_Leng "Shape_Leng" false true true 8 Double 0 0 ,First,#,C:\Users\uschoene.EAWAG\GIS 2020\CAMELS_CH_EZG.mdb\CAMELS_CH_EZG_LV95_v72,Shape_Length,-1,-1;Shape_Area "Shape_Area" false true true 8 Double 0 0 ,First,#,C:\Users\uschoene.EAWAG\GIS 2020\CAMELS_CH_EZG.mdb\CAMELS_CH_EZG_LV95_v72,Shape_Area,-1,-1" #</Process><Process ToolSource="c:\program files\arcgis\pro\Resources\ArcToolbox\toolboxes\Data Management Tools.tbx\AddRelate" Date="20220929" Time="093605">AddRelate CAMELS_CH_EZG_LV95_v72 ID12 CAMELS_CH_Stationen_LV95_v7 ID12 Relate1 "One to one"</Process><Process ToolSource="c:\program files\arcgis\pro\Resources\ArcToolbox\toolboxes\Conversion Tools.tbx\FeatureClassToFeatureClass" Date="20220929" Time="103938">FeatureClassToFeatureClass CAMELS_CH_EZG_LV95_v72 C:\A_Data\Camels\Pro_Camels\Default.gdb\EZG CAMELS_CH_EZG_LV95_v72 # "OBJECTID "OBJECTID" true true false 10 Long 0 10,First,#,CAMELS_CH_EZG_LV95_v72,OBJECTID,-1,-1;ID_BAFU "ID_BAFU" true true false 10 Long 0 10,First,#,CAMELS_CH_EZG_LV95_v72,ID_BAFU,-1,-1;gauging_st "gauging_st" true true false 254 Text 0 0,First,#,CAMELS_CH_EZG_LV95_v72,gauging_st,0,254;water_body "water_body" true true false 254 Text 0 0,First,#,CAMELS_CH_EZG_LV95_v72,water_body,0,254;country "country" true true false 254 Text 0 0,First,#,CAMELS_CH_EZG_LV95_v72,country,0,254;type "type" true true false 254 Text 0 0,First,#,CAMELS_CH_EZG_LV95_v72,type,0,254;ID12 "ID12" true true false 19 Double 0 0,First,#,CAMELS_CH_EZG_LV95_v72,ID12,-1,-1;super_catc "super_catc" true true false 19 Double 0 0,First,#,CAMELS_CH_EZG_LV95_v72,super_catc,-1,-1;sub_catchm "sub_catchm" true true false 19 Double 0 0,First,#,CAMELS_CH_EZG_LV95_v72,sub_catchm,-1,-1;Shape_Leng "Shape_Leng" true true false 19 Double 0 0,First,#,CAMELS_CH_EZG_LV95_v72,Shape_Leng,-1,-1;Shape_Area "Shape_Area" true true false 19 Double 0 0,First,#,CAMELS_CH_EZG_LV95_v72,Shape_Area,-1,-1" #</Process><Process ToolSource="c:\program files\arcgis\pro\Resources\ArcToolbox\toolboxes\Data Management Tools.tbx\CalculateField" Date="20220929" Time="104231">CalculateField CAMELS_CH_EZG_LV95_v72 Area "!Shape_Area! / 1000000" "Python 3" # "Double  (double precision)" NO_ENFORCE_DOMAINS</Process><Process ToolSource="c:\program files\arcgis\pro\Resources\ArcToolbox\toolboxes\Analysis Tools.tbx\Union" Date="20220929" Time="104623">Union "CAMELS_CH_EZG_LV95_v72 #" C:\A_Data\Camels\Pro_Camels\Default.gdb\CAMELS_CH_EZG_LV95_v72_Union_nogaps "All attributes" # NO_GAPS</Process><Process ToolSource="c:\program files\arcgis\pro\Resources\ArcToolbox\toolboxes\Data Management Tools.tbx\CalculateField" Date="20220929" Time="121320">CalculateField CAMELS_CH_EZG_LV95_v72_Union_nogaps AreaNeu_round round(!Shape_Area!, 2) "Python 3" # "Double  (double precision)" NO_ENFORCE_DOMAINS</Process><Process ToolSource="c:\program files\arcgis\pro\Resources\ArcToolbox\toolboxes\Data Management Tools.tbx\JoinField" Date="20220929" Time="122429">JoinField CAMELS_CH_EZG_LV95_v72_Union_nogaps AreaNeu_round TabCAMELS_CH_EZG_LV95_v72_Union3 AreaNeu_round MIN_Area;FREQUENCY</Process><Process ToolSource="c:\program files\arcgis\pro\Resources\ArcToolbox\toolboxes\Data Management Tools.tbx\CalculateField" Date="20220929" Time="122552">CalculateField CAMELS_CH_EZG_LV95_v72_Union_nogaps Area_int int(!Shape_Area!) "Python 3" # Text NO_ENFORCE_DOMAINS</Process><Process ToolSource="c:\program files\arcgis\pro\Resources\ArcToolbox\toolboxes\Data Management Tools.tbx\CalculateField" Date="20220929" Time="122925">CalculateField CAMELS_CH_EZG_LV95_v72_Union_nogaps Area_int2 !Area_int! "Python 3" # "Long (large integer)" NO_ENFORCE_DOMAINS</Process><Process ToolSource="c:\program files\arcgis\pro\Resources\ArcToolbox\toolboxes\Data Management Tools.tbx\JoinField" Date="20220929" Time="123214">JoinField CAMELS_CH_EZG_LV95_v72_Union_nogaps Area_int2 TabCAMELS_5 Area_int2 MIN_Area;FREQUENCY</Process><Process ToolSource="c:\program files\arcgis\pro\Resources\ArcToolbox\toolboxes\Data Management Tools.tbx\CalculateField" Date="20220929" Time="123627">CalculateField CAMELS_CH_EZG_LV95_v72_Union_nogaps check 0 "Python 3" # "Short (small integer)" NO_ENFORCE_DOMAINS</Process><Process ToolSource="c:\program files\arcgis\pro\Resources\ArcToolbox\toolboxes\Data Management Tools.tbx\CalculateField" Date="20220929" Time="123945">CalculateField CAMELS_CH_EZG_LV95_v72_Union_nogaps check label( !Area!, !MIN_Area! ) "Python 3" "def label (area1, area2):
    if area1 &lt;= area2:
       return 1
   " Text NO_ENFORCE_DOMAINS</Process><Process ToolSource="c:\program files\arcgis\pro\Resources\ArcToolbox\toolboxes\Data Management Tools.tbx\CalculateField" Date="20220929" Time="124406">CalculateField CAMELS_CH_EZG_LV95_v72_Union_nogaps check label(!Area!,!MIN_Area_1!) "Python 3" "def label (area1, area2):
  if area1 &lt;= area2  :
    return  "1"
  else:
    return "0"" Text NO_ENFORCE_DOMAINS</Process><Process ToolSource="c:\program files\arcgis\pro\Resources\ArcToolbox\toolboxes\Data Management Tools.tbx\JoinField" Date="20220929" Time="134509">JoinField CAMELS_CH_EZG_LV95_v72_Union_nogaps Area Tab_EZG_Area Area Area;FREQUENCY</Process><Process ToolSource="c:\program files\arcgis\pro\Resources\ArcToolbox\toolboxes\Data Management Tools.tbx\CalculateField" Date="20220929" Time="135147">CalculateField CAMELS_CH_EZG_LV95_v72_Union_nogaps SameEZG_ID12 0 "Python 3" # "Double  (double precision)" NO_ENFORCE_DOMAINS</Process><Process ToolSource="c:\program files\arcgis\pro\Resources\ArcToolbox\toolboxes\Data Management Tools.tbx\CalculateField" Date="20220929" Time="135223">CalculateField CAMELS_CH_EZG_LV95_v72_Union_nogaps SameEZG_ID12 560720140490 "Python 3" # Text NO_ENFORCE_DOMAINS</Process><Process ToolSource="c:\program files\arcgis\pro\Resources\ArcToolbox\toolboxes\Data Management Tools.tbx\CalculateField" Date="20220929" Time="135509">CalculateField CAMELS_CH_EZG_LV95_v72_Union_nogaps SameEZG_ID12 562913205165 "Python 3" # Text NO_ENFORCE_DOMAINS</Process><Process ToolSource="c:\program files\arcgis\pro\Resources\ArcToolbox\toolboxes\Data Management Tools.tbx\CalculateField" Date="20220929" Time="135608">CalculateField CAMELS_CH_EZG_LV95_v72_Union_nogaps SameEZG_ID12 698350108200 "Python 3" # Text NO_ENFORCE_DOMAINS</Process><Process ToolSource="c:\program files\arcgis\pro\Resources\ArcToolbox\toolboxes\Data Management Tools.tbx\CalculateField" Date="20220929" Time="135733">CalculateField CAMELS_CH_EZG_LV95_v72_Union_nogaps SameEZG_ID12 730246281133 "Python 3" # Text NO_ENFORCE_DOMAINS</Process><Process ToolSource="c:\program files\arcgis\pro\Resources\ArcToolbox\toolboxes\Analysis Tools.tbx\Select" Date="20220929" Time="141541">Select CAMELS_CH_EZG_LV95_v72_Union_nogaps C:\A_Data\Camels\Pro_Camels\Default.gdb\EZG\EZG_NonOverlap "check = 1"</Process><Process ToolSource="c:\program files\arcgis\pro\Resources\ArcToolbox\toolboxes\Data Management Tools.tbx\UpdateSchema" Date="20220929" Time="141829">UpdateSchema "CIMDATA=&lt;CIMFeatureDatasetDataConnection xsi:type='typens:CIMFeatureDatasetDataConnection' xmlns:xsi='http://www.w3.org/2001/XMLSchema-instance' xmlns:xs='http://www.w3.org/2001/XMLSchema' xmlns:typens='http://www.esri.com/schemas/ArcGIS/2.9.0'&gt;&lt;FeatureDataset&gt;EZG&lt;/FeatureDataset&gt;&lt;WorkspaceConnectionString&gt;DATABASE=C:\A_Data\Camels\Pro_Camels\Default.gdb&lt;/WorkspaceConnectionString&gt;&lt;WorkspaceFactory&gt;FileGDB&lt;/WorkspaceFactory&gt;&lt;Dataset&gt;EZG_NonOverlap&lt;/Dataset&gt;&lt;DatasetType&gt;esriDTFeatureClass&lt;/DatasetType&gt;&lt;/CIMFeatureDatasetDataConnection&gt;" &lt;operationSequence&gt;&lt;workflow&gt;&lt;AddField&gt;&lt;field_name&gt;DissolveID&lt;/field_name&gt;&lt;field_type&gt;DOUBLE&lt;/field_type&gt;&lt;field_alias&gt;DissolveID&lt;/field_alias&gt;&lt;field_is_nullable&gt;True&lt;/field_is_nullable&gt;&lt;field_is_required&gt;False&lt;/field_is_required&gt;&lt;/AddField&gt;&lt;/workflow&gt;&lt;/operationSequence&gt;</Process><Process ToolSource="c:\program files\arcgis\pro\Resources\ArcToolbox\toolboxes\Data Management Tools.tbx\CalculateField" Date="20220929" Time="141913">CalculateField EZG_NonOverlap DissolveID !ID12! "Python 3" # Text NO_ENFORCE_DOMAINS</Process><Process ToolSource="c:\program files\arcgis\pro\Resources\ArcToolbox\toolboxes\Data Management Tools.tbx\CalculateField" Date="20220929" Time="142002">CalculateField EZG_NonOverlap DissolveID 698350108200 "Python 3" # Text NO_ENFORCE_DOMAINS</Process><Process ToolSource="c:\program files\arcgis\pro\Resources\ArcToolbox\toolboxes\Data Management Tools.tbx\CalculateField" Date="20220929" Time="142107">CalculateField EZG_NonOverlap DissolveID 667079107158 "Python 3" # Text NO_ENFORCE_DOMAINS</Process><Process ToolSource="c:\program files\arcgis\pro\Resources\ArcToolbox\toolboxes\Data Management Tools.tbx\CalculateField" Date="20220929" Time="142254">CalculateField EZG_NonOverlap DissolveID !SameEZG_ID12! "Python 3" # Text NO_ENFORCE_DOMAINS</Process><Process ToolSource="c:\program files\arcgis\pro\Resources\ArcToolbox\toolboxes\Data Management Tools.tbx\Dissolve" Date="20220929" Time="142844">Dissolve EZG_NonOverlap C:\A_Data\Camels\Pro_Camels\Default.gdb\EZG\EZG_NonOverlap_Dis DissolveID "Shape_Area SUM" MULTI_PART DISSOLVE_LINES</Process><Process ToolSource="c:\program files\arcgis\pro\Resources\ArcToolbox\toolboxes\Data Management Tools.tbx\CalculateField" Date="20220929" Time="153224">CalculateField EZG_NonOverlap_Dis ID12 !DissolveID! "Python 3" # "Double  (double precision)" NO_ENFORCE_DOMAINS</Process><Process ToolSource="c:\program files\arcgis\pro\Resources\ArcToolbox\toolboxes\Data Management Tools.tbx\CalculateField" Date="20220929" Time="153317">CalculateField EZG_NonOverlap_Dis ID_Short !OBJECTID! "Python 3" # "Double  (double precision)" NO_ENFORCE_DOMAINS</Process><Process ToolSource="c:\program files\arcgis\pro\Resources\ArcToolbox\toolboxes\Data Management Tools.tbx\DeleteField" Date="20220929" Time="153335">DeleteField EZG_NonOverlap_Dis DissolveID "Delete Fields"</Process><Process ToolSource="c:\program files\arcgis\pro\Resources\ArcToolbox\toolboxes\Conversion Tools.tbx\FeatureClassToFeatureClass" Date="20220929" Time="153510">FeatureClassToFeatureClass EZG_NonOverlap_Dis C:\A_Data\Camels\Pro_Camels\Default.gdb\EZG CAMELS_CH_EZG_SUB_V1 # "ID12 "ID12" true true false 8 Double 0 0,First,#,EZG_NonOverlap_Dis,ID12,-1,-1;ID_Short "ID_Short" true true false 8 Double 0 0,First,#,EZG_NonOverlap_Dis,ID_Short,-1,-1;Shape_Length "Shape_Length" false true true 8 Double 0 0,First,#,EZG_NonOverlap_Dis,Shape_Length,-1,-1;Shape_Area "Shape_Area" false true true 8 Double 0 0,First,#,EZG_NonOverlap_Dis,Shape_Area,-1,-1" #</Process><Process ToolSource="c:\program files\arcgis\pro\Resources\ArcToolbox\toolboxes\Data Management Tools.tbx\CalculateField" Date="20221108" Time="072115">CalculateField CAMELS_CH_EZG_SUB_V1 ID_Short2 !ID_Short! "Python 3" # "Long (large integer)" NO_ENFORCE_DOMAINS</Process><Process ToolSource="c:\program files\arcgis\pro\Resources\ArcToolbox\toolboxes\Data Management Tools.tbx\DeleteField" Date="20221108" Time="072135">DeleteField CAMELS_CH_EZG_SUB_V1 ID_Short "Delete Fields"</Process><Process ToolSource="c:\program files\arcgis\pro\Resources\ArcToolbox\toolboxes\Data Management Tools.tbx\CalculateField" Date="20221108" Time="072217">CalculateField CAMELS_CH_EZG_SUB_V1 ID_Short !ID_Short2! "Python 3" # "Short (small integer)" NO_ENFORCE_DOMAINS</Process><Process ToolSource="c:\program files\arcgis\pro\Resources\ArcToolbox\toolboxes\Data Management Tools.tbx\DeleteField" Date="20221108" Time="072236">DeleteField CAMELS_CH_EZG_SUB_V1 ID_Short2 "Delete Fields"</Process><Process ToolSource="c:\program files\arcgis\pro\Resources\ArcToolbox\toolboxes\Conversion Tools.tbx\FeatureClassToFeatureClass" Date="20221110" Time="091718">FeatureClassToFeatureClass CAMELS_CH_EZG_SUB_V1 F:\E_Data\Schweiz\Upstream_ArcGIS\Catchment_hierarchy\Hierarchy.gdb CAMELS_CH_EZG_SUB_Hierarchy # "ID12 "ID12" true true false 8 Double 0 0,First,#,CAMELS_CH_EZG_SUB_V1,CAMELS_CH_EZG_SUB_V1.ID12,-1,-1;Shape_Length "Shape_Length" false true true 8 Double 0 0,First,#,CAMELS_CH_EZG_SUB_V1,CAMELS_CH_EZG_SUB_V1.Shape_Length,-1,-1;Shape_Area "Shape_Area" false true true 8 Double 0 0,First,#,CAMELS_CH_EZG_SUB_V1,CAMELS_CH_EZG_SUB_V1.Shape_Area,-1,-1;ID_Short "ID_Short" true true false 2 Short 0 0,First,#,CAMELS_CH_EZG_SUB_V1,CAMELS_CH_EZG_SUB_V1.ID_Short,-1,-1;H1 "H1" true true false 4 Long 0 0,First,#,CAMELS_CH_EZG_SUB_V1,CAMELS_CH_EZG_SUB_V1.H1,-1,-1;H2 "H2" true true false 4 Long 0 0,First,#,CAMELS_CH_EZG_SUB_V1,CAMELS_CH_EZG_SUB_V1.H2,-1,-1;id "id" true true false 4 Long 0 0,First,#,CAMELS_CH_EZG_SUB_V1,result_ net_final3.csv.id,-1,-1;name "name" true true false 4 Long 0 0,First,#,CAMELS_CH_EZG_SUB_V1,result_ net_final3.csv.name,-1,-1;pathString "pathString" true true false 8000 Text 0 0,First,#,CAMELS_CH_EZG_SUB_V1,result_ net_final3.csv.pathString,0,8000;id_parent "id_parent" true true false 8000 Text 0 0,First,#,CAMELS_CH_EZG_SUB_V1,result_ net_final3.csv.id_parent,0,8000;lvl "lvl" true true false 4 Long 0 0,First,#,CAMELS_CH_EZG_SUB_V1,result_ net_final3.csv.lvl,-1,-1;lft "lft" true true false 4 Long 0 0,First,#,CAMELS_CH_EZG_SUB_V1,result_ net_final3.csv.lft,-1,-1;rgt "rgt" true true false 4 Long 0 0,First,#,CAMELS_CH_EZG_SUB_V1,result_ net_final3.csv.rgt,-1,-1;leafCount "leafCount" true true false 4 Long 0 0,First,#,CAMELS_CH_EZG_SUB_V1,result_ net_final3.csv.leafCount,-1,-1" #</Process><Process ToolSource="c:\program files\arcgis\pro\Resources\ArcToolbox\toolboxes\Conversion Tools.tbx\FeatureClassToFeatureClass" Date="20221110" Time="125504">FeatureClassToFeatureClass CAMELS_CH_EZG_SUB_Hierarchy F:\E_Data\Camels\Pro_Camels\Default.gdb CAMELS_CH_EZG_SUB_Hierarchy # "ID12 "ID12" true true false 8 Double 0 0,First,#,CAMELS_CH_EZG_SUB_Hierarchy,ID12,-1,-1;ID_Short "ID_Short" true true false 2 Short 0 0,First,#,CAMELS_CH_EZG_SUB_Hierarchy,ID_Short,-1,-1;H1 "H1" true true false 4 Long 0 0,First,#,CAMELS_CH_EZG_SUB_Hierarchy,H1,-1,-1;H2 "H2" true true false 4 Long 0 0,First,#,CAMELS_CH_EZG_SUB_Hierarchy,H2,-1,-1;id "id" true true false 4 Long 0 0,First,#,CAMELS_CH_EZG_SUB_Hierarchy,id,-1,-1;name "name" true true false 4 Long 0 0,First,#,CAMELS_CH_EZG_SUB_Hierarchy,name,-1,-1;pathString "pathString" true true false 8000 Text 0 0,First,#,CAMELS_CH_EZG_SUB_Hierarchy,pathString,0,8000;id_parent "id_parent" true true false 8000 Text 0 0,First,#,CAMELS_CH_EZG_SUB_Hierarchy,id_parent,0,8000;lvl "lvl" true true false 4 Long 0 0,First,#,CAMELS_CH_EZG_SUB_Hierarchy,lvl,-1,-1;lft "lft" true true false 4 Long 0 0,First,#,CAMELS_CH_EZG_SUB_Hierarchy,lft,-1,-1;rgt "rgt" true true false 4 Long 0 0,First,#,CAMELS_CH_EZG_SUB_Hierarchy,rgt,-1,-1;leafCount "leafCount" true true false 4 Long 0 0,First,#,CAMELS_CH_EZG_SUB_Hierarchy,leafCount,-1,-1;Shape_Length "Shape_Length" false true true 8 Double 0 0,First,#,CAMELS_CH_EZG_SUB_Hierarchy,Shape_Length,-1,-1;Shape_Area "Shape_Area" false true true 8 Double 0 0,First,#,CAMELS_CH_EZG_SUB_Hierarchy,Shape_Area,-1,-1" #</Process><Process ToolSource="c:\program files\arcgis\pro\Resources\ArcToolbox\toolboxes\Conversion Tools.tbx\ExportFeatures" Date="20221223" Time="082827">ExportFeatures CAMELS_CH_EZG_SUB_Hierarchy E:\E_Data\Camels\Pro_Camels\Default.gdb\CAMELS_CH_EZG_SUB_Hierarchy2 # NOT_USE_ALIAS "ID12 "ID12" true true false 8 Double 0 0,First,#,CAMELS_CH_EZG_SUB_Hierarchy,CAMELS_CH_EZG_SUB_Hierarchy.ID12,-1,-1;ID_Short "ID_Short" true true false 2 Short 0 0,First,#,CAMELS_CH_EZG_SUB_Hierarchy,CAMELS_CH_EZG_SUB_Hierarchy.ID_Short,-1,-1;H1 "H1" true true false 4 Long 0 0,First,#,CAMELS_CH_EZG_SUB_Hierarchy,CAMELS_CH_EZG_SUB_Hierarchy.H1,-1,-1;H2 "H2" true true false 4 Long 0 0,First,#,CAMELS_CH_EZG_SUB_Hierarchy,CAMELS_CH_EZG_SUB_Hierarchy.H2,-1,-1;id "id" true true false 4 Long 0 0,First,#,CAMELS_CH_EZG_SUB_Hierarchy,CAMELS_CH_EZG_SUB_Hierarchy.id,-1,-1;name "name" true true false 4 Long 0 0,First,#,CAMELS_CH_EZG_SUB_Hierarchy,CAMELS_CH_EZG_SUB_Hierarchy.name,-1,-1;pathString "pathString" true true false 8000 Text 0 0,First,#,CAMELS_CH_EZG_SUB_Hierarchy,CAMELS_CH_EZG_SUB_Hierarchy.pathString,0,8000;id_parent "id_parent" true true false 8000 Text 0 0,First,#,CAMELS_CH_EZG_SUB_Hierarchy,CAMELS_CH_EZG_SUB_Hierarchy.id_parent,0,8000;lvl "lvl" true true false 4 Long 0 0,First,#,CAMELS_CH_EZG_SUB_Hierarchy,CAMELS_CH_EZG_SUB_Hierarchy.lvl,-1,-1;lft "lft" true true false 4 Long 0 0,First,#,CAMELS_CH_EZG_SUB_Hierarchy,CAMELS_CH_EZG_SUB_Hierarchy.lft,-1,-1;rgt "rgt" true true false 4 Long 0 0,First,#,CAMELS_CH_EZG_SUB_Hierarchy,CAMELS_CH_EZG_SUB_Hierarchy.rgt,-1,-1;leafCount "leafCount" true true false 4 Long 0 0,First,#,CAMELS_CH_EZG_SUB_Hierarchy,CAMELS_CH_EZG_SUB_Hierarchy.leafCount,-1,-1;Shape_Length "Shape_Length" false true true 8 Double 0 0,First,#,CAMELS_CH_EZG_SUB_Hierarchy,CAMELS_CH_EZG_SUB_Hierarchy.Shape_Length,-1,-1;Shape_Area "Shape_Area" false true true 8 Double 0 0,First,#,CAMELS_CH_EZG_SUB_Hierarchy,CAMELS_CH_EZG_SUB_Hierarchy.Shape_Area,-1,-1;FID "FID" false true false 4 Long 0 9,First,#,CAMELS_CH_EZG_SUB_Hierarchy,CAMELS_CH_station_74.FID,-1,-1;ID "ID" true true false 19 Double 0 0,First,#,CAMELS_CH_EZG_SUB_Hierarchy,CAMELS_CH_station_74.ID,-1,-1;ID12 "ID12" true true false 19 Double 0 0,First,#,CAMELS_CH_EZG_SUB_Hierarchy,CAMELS_CH_station_74.ID12,-1,-1;gauging_st "gauging_st" true true false 254 Text 0 0,First,#,CAMELS_CH_EZG_SUB_Hierarchy,CAMELS_CH_station_74.gauging_st,0,254;water_body "water_body" true true false 254 Text 0 0,First,#,CAMELS_CH_EZG_SUB_Hierarchy,CAMELS_CH_station_74.water_body,0,254;type "type" true true false 80 Text 0 0,First,#,CAMELS_CH_EZG_SUB_Hierarchy,CAMELS_CH_station_74.type,0,80;country "country" true true false 80 Text 0 0,First,#,CAMELS_CH_EZG_SUB_Hierarchy,CAMELS_CH_station_74.country,0,80;ID12_MK "ID12_MK" true true false 19 Double 0 0,First,#,CAMELS_CH_EZG_SUB_Hierarchy,CAMELS_CH_station_74.ID12_MK,-1,-1;ID6 "ID6" true true false 80 Text 0 0,First,#,CAMELS_CH_EZG_SUB_Hierarchy,CAMELS_CH_station_74.ID6,0,80;check2 "check2" true true false 19 Double 0 0,First,#,CAMELS_CH_EZG_SUB_Hierarchy,CAMELS_CH_station_74.check2,-1,-1" #</Process><Process ToolSource="c:\program files\arcgis\pro\Resources\ArcToolbox\toolboxes\Conversion Tools.tbx\ExportFeatures" Date="20221223" Time="083816">ExportFeatures CAMELS_CH_EZG_SUB_Hierarchy2 E:\E_Data\Camels\Pro_Camels\Default.gdb\EZG\CAMELS_CH_EZG_SUB_Hierarchy_v74 # NOT_USE_ALIAS "ID "ID" true true false 8 Double 0 0,First,#,CAMELS_CH_EZG_SUB_Hierarchy2,ID_1,-1,-1;ID12 "ID12" true true false 8 Double 0 0,First,#,CAMELS_CH_EZG_SUB_Hierarchy2,ID12_1,-1,-1;gauging_st "gauging_st" true true false 254 Text 0 0,First,#,CAMELS_CH_EZG_SUB_Hierarchy2,gauging_st,0,254;water_body "water_body" true true false 254 Text 0 0,First,#,CAMELS_CH_EZG_SUB_Hierarchy2,water_body,0,254;type "type" true true false 80 Text 0 0,First,#,CAMELS_CH_EZG_SUB_Hierarchy2,type,0,80;country "country" true true false 80 Text 0 0,First,#,CAMELS_CH_EZG_SUB_Hierarchy2,country,0,80;ID12_MK "ID12_MK" true true false 8 Double 0 0,First,#,CAMELS_CH_EZG_SUB_Hierarchy2,ID12_MK,-1,-1;ID6 "ID6" true true false 80 Text 0 0,First,#,CAMELS_CH_EZG_SUB_Hierarchy2,ID6,0,80;ID_Short "ID_Short" true true false 2 Short 0 0,First,#,CAMELS_CH_EZG_SUB_Hierarchy2,ID_Short,-1,-1;H1 "H1" true true false 4 Long 0 0,First,#,CAMELS_CH_EZG_SUB_Hierarchy2,H1,-1,-1;H2 "H2" true true false 4 Long 0 0,First,#,CAMELS_CH_EZG_SUB_Hierarchy2,H2,-1,-1;name "name" true true false 4 Long 0 0,First,#,CAMELS_CH_EZG_SUB_Hierarchy2,name,-1,-1;pathString "pathString" true true false 8000 Text 0 0,First,#,CAMELS_CH_EZG_SUB_Hierarchy2,pathString,0,8000;id_parent "id_parent" true true false 8000 Text 0 0,First,#,CAMELS_CH_EZG_SUB_Hierarchy2,id_parent,0,8000;lvl "lvl" true true false 4 Long 0 0,First,#,CAMELS_CH_EZG_SUB_Hierarchy2,lvl,-1,-1;lft "lft" true true false 4 Long 0 0,First,#,CAMELS_CH_EZG_SUB_Hierarchy2,lft,-1,-1;rgt "rgt" true true false 4 Long 0 0,First,#,CAMELS_CH_EZG_SUB_Hierarchy2,rgt,-1,-1;leafCount "leafCount" true true false 4 Long 0 0,First,#,CAMELS_CH_EZG_SUB_Hierarchy2,leafCount,-1,-1;Shape_Length "Shape_Length" false true true 8 Double 0 0,First,#,CAMELS_CH_EZG_SUB_Hierarchy2,Shape_Length,-1,-1;Shape_Area "Shape_Area" false true true 8 Double 0 0,First,#,CAMELS_CH_EZG_SUB_Hierarchy2,Shape_Area,-1,-1" "ID_1 ASCENDING"</Process><Process ToolSource="c:\program files\arcgis\pro\Resources\ArcToolbox\toolboxes\Conversion Tools.tbx\ExportFeatures" Date="20221223" Time="084106">ExportFeatures CAMELS_CH_EZG_SUB_Hierarchy_v74 E:\E_Data\Camels\Pro_Camels\Default.gdb\EZG\CAMELS_CH_EZG_SUB_v74 # NOT_USE_ALIAS "ID "ID" true true false 8 Double 0 0,First,#,CAMELS_CH_EZG_SUB_Hierarchy_v74,ID,-1,-1;ID12 "ID12" true true false 8 Double 0 0,First,#,CAMELS_CH_EZG_SUB_Hierarchy_v74,ID12,-1,-1;gauging_st "gauging_st" true true false 254 Text 0 0,First,#,CAMELS_CH_EZG_SUB_Hierarchy_v74,gauging_st,0,254;water_body "water_body" true true false 254 Text 0 0,First,#,CAMELS_CH_EZG_SUB_Hierarchy_v74,water_body,0,254;type "type" true true false 80 Text 0 0,First,#,CAMELS_CH_EZG_SUB_Hierarchy_v74,type,0,80;country "country" true true false 80 Text 0 0,First,#,CAMELS_CH_EZG_SUB_Hierarchy_v74,country,0,80;ID12_MK "ID12_MK" true true false 8 Double 0 0,First,#,CAMELS_CH_EZG_SUB_Hierarchy_v74,ID12_MK,-1,-1;ID6 "ID6" true true false 80 Text 0 0,First,#,CAMELS_CH_EZG_SUB_Hierarchy_v74,ID6,0,80;H1 "H1" true true false 4 Long 0 0,First,#,CAMELS_CH_EZG_SUB_Hierarchy_v74,H1,-1,-1;H2 "H2" true true false 4 Long 0 0,First,#,CAMELS_CH_EZG_SUB_Hierarchy_v74,H2,-1,-1;Shape_Length "Shape_Length" false true true 8 Double 0 0,First,#,CAMELS_CH_EZG_SUB_Hierarchy_v74,Shape_Length,-1,-1;Shape_Area "Shape_Area" false true true 8 Double 0 0,First,#,CAMELS_CH_EZG_SUB_Hierarchy_v74,Shape_Area,-1,-1" #</Process><Process ToolSource="c:\program files\arcgis\pro\Resources\ArcToolbox\toolboxes\Conversion Tools.tbx\ExportFeatures" Date="20221223" Time="085050">ExportFeatures CAMELS_CH_EZG_SUB_v74 E:\E_Data\Camels\Camels_Export\Camels_Dez2022\CAMELS_CH_EZG_SUB_v74.shp # NOT_USE_ALIAS "ID "ID" true true false 8 Double 0 0,First,#,CAMELS_CH_EZG_SUB_v74,ID,-1,-1;ID12 "ID12" true true false 8 Double 0 0,First,#,CAMELS_CH_EZG_SUB_v74,ID12,-1,-1;gauging_st "gauging_st" true true false 254 Text 0 0,First,#,CAMELS_CH_EZG_SUB_v74,gauging_st,0,254;water_body "water_body" true true false 254 Text 0 0,First,#,CAMELS_CH_EZG_SUB_v74,water_body,0,254;type "type" true true false 80 Text 0 0,First,#,CAMELS_CH_EZG_SUB_v74,type,0,80;country "country" true true false 80 Text 0 0,First,#,CAMELS_CH_EZG_SUB_v74,country,0,80;ID12_MK "ID12_MK" true true false 8 Double 0 0,First,#,CAMELS_CH_EZG_SUB_v74,ID12_MK,-1,-1;ID6 "ID6" true true false 80 Text 0 0,First,#,CAMELS_CH_EZG_SUB_v74,ID6,0,80;H1 "H1" true true false 4 Long 0 0,First,#,CAMELS_CH_EZG_SUB_v74,H1,-1,-1;H2 "H2" true true false 4 Long 0 0,First,#,CAMELS_CH_EZG_SUB_v74,H2,-1,-1;Shape_Length "Shape_Length" false true true 8 Double 0 0,First,#,CAMELS_CH_EZG_SUB_v74,Shape_Length,-1,-1;Shape_Area "Shape_Area" false true true 8 Double 0 0,First,#,CAMELS_CH_EZG_SUB_v74,Shape_Area,-1,-1" #</Process><Process ToolSource="c:\program files\arcgis\pro\Resources\ArcToolbox\Toolboxes\Data Management Tools.tbx\Copy" Date="20230116" Time="162522">Copy "C:\Users\ClientAdmin\GIS 2020\Non-nested_Catchment_7.4\Non_Nested_Shapeflie\CAMELS_CH_EZG_SUB_v74.shp" "C:\Users\ClientAdmin\GIS 2020\CAMELS_EZG\CAMELS_CH_EZG_SUB_v74.shp" Shapefile #</Process><Process ToolSource="c:\program files\arcgis\pro\Resources\ArcToolbox\Toolboxes\Data Management Tools.tbx\Copy" Date="20230117" Time="094745">Copy "C:\Users\ClientAdmin\GIS 2020\CAMELS_EZG\CAMELS_CH_EZG_SUB_v74.shp" "C:\Users\ClientAdmin\GIS 2020\CAMELS_EZG\CAMELS_CH_EZG_SUB_v74_1.shp" Shapefile #</Process><Process ToolSource="c:\program files\arcgis\pro\Resources\ArcToolbox\Toolboxes\Data Management Tools.tbx\Rename" Date="20230117" Time="094947">Rename "C:\Users\ClientAdmin\GIS 2020\CAMELS_EZG\CAMELS_CH_EZG_SUB_v74_1.shp" "C:\Users\ClientAdmin\GIS 2020\CAMELS_EZG\CAMELS_CH_EZG_SUB_v75.shp" ShapeFile</Process><Process ToolSource="c:\program files\arcgis\pro\Resources\ArcToolbox\Toolboxes\Data Management Tools.tbx\DeleteField" Date="20230117" Time="095027">DeleteField CAMELS_CH_EZG_SUB_v75 ID12 "Delete Fields"</Process><Process ToolSource="c:\program files\arcgis\pro\Resources\ArcToolbox\Toolboxes\Data Management Tools.tbx\DeleteField" Date="20230117" Time="095041">DeleteField CAMELS_CH_EZG_SUB_v75 ID12_MK "Delete Fields"</Process><Process ToolSource="c:\program files\arcgis\pro\Resources\ArcToolbox\toolboxes\Conversion Tools.tbx\ExportFeatures" Date="20230117" Time="110619">ExportFeatures CAMELS_CH_EZG_SUB_v75 "C:\Users\ClientAdmin\GIS 2020\Sub_neu.shp" # NOT_USE_ALIAS "ID "ID" true true false 19 Double 0 0,First,#,CAMELS_CH_EZG_SUB_v75,CAMELS_CH_EZG_SUB_v75.ID,-1,-1;gauging_st "gauging_st" true true false 254 Text 0 0,First,#,CAMELS_CH_EZG_SUB_v75,CAMELS_CH_EZG_SUB_v75.gauging_st,0,254;water_body "water_body" true true false 254 Text 0 0,First,#,CAMELS_CH_EZG_SUB_v75,CAMELS_CH_EZG_SUB_v75.water_body,0,254;type "type" true true false 80 Text 0 0,First,#,CAMELS_CH_EZG_SUB_v75,CAMELS_CH_EZG_SUB_v75.type,0,80;country "country" true true false 80 Text 0 0,First,#,CAMELS_CH_EZG_SUB_v75,CAMELS_CH_EZG_SUB_v75.country,0,80;ID6 "ID6" true true false 80 Text 0 0,First,#,CAMELS_CH_EZG_SUB_v75,CAMELS_CH_EZG_SUB_v75.ID6,0,80;H1 "H1" true true false 10 Long 0 10,First,#,CAMELS_CH_EZG_SUB_v75,CAMELS_CH_EZG_SUB_v75.H1,-1,-1;H2 "H2" true true false 10 Long 0 10,First,#,CAMELS_CH_EZG_SUB_v75,CAMELS_CH_EZG_SUB_v75.H2,-1,-1;Shape_Leng "Shape_Leng" true true false 19 Double 0 0,First,#,CAMELS_CH_EZG_SUB_v75,CAMELS_CH_EZG_SUB_v75.Shape_Leng,-1,-1;Shape_Area "Shape_Area" true true false 19 Double 0 0,First,#,CAMELS_CH_EZG_SUB_v75,CAMELS_CH_EZG_SUB_v75.Shape_Area,-1,-1;ID "ID" true true false 8 Double 0 0,First,#,CAMELS_CH_EZG_SUB_v75,Sheet1$.ID,-1,-1;gauge_name "gauge_name" true true false 255 Text 0 0,First,#,CAMELS_CH_EZG_SUB_v75,Sheet1$.gauge_name,0,255;type_neu "type_neu" true true false 255 Text 0 0,First,#,CAMELS_CH_EZG_SUB_v75,Sheet1$.type_neu,0,255;ObjectID "ObjectID" false true false 4 Long 0 9,First,#,CAMELS_CH_EZG_SUB_v75,Sheet1$.ObjectID,-1,-1" #</Process><Process ToolSource="c:\program files\arcgis\pro\Resources\ArcToolbox\toolboxes\Data Management Tools.tbx\DeleteField" Date="20230117" Time="110716">DeleteField Sub_neu ID_1 "Delete Fields"</Process><Process ToolSource="c:\program files\arcgis\pro\Resources\ArcToolbox\toolboxes\Data Management Tools.tbx\DeleteField" Date="20230117" Time="110725">DeleteField Sub_neu type "Delete Fields"</Process><Process ToolSource="c:\program files\arcgis\pro\Resources\ArcToolbox\toolboxes\Data Management Tools.tbx\DeleteField" Date="20230117" Time="110733">DeleteField Sub_neu gauging_st "Delete Fields"</Process><Process ToolSource="c:\program files\arcgis\pro\Resources\ArcToolbox\toolboxes\Data Management Tools.tbx\DeleteField" Date="20230117" Time="110806">DeleteField Sub_neu ObjectID "Delete Fields"</Process><Process ToolSource="c:\program files\arcgis\pro\Resources\ArcToolbox\toolboxes\Conversion Tools.tbx\ExportFeatures" Date="20230117" Time="110824">ExportFeatures Sub_neu "C:\Users\ClientAdmin\GIS 2020\CAMELS_Project.gdb\Sub_neu_2" # NOT_USE_ALIAS "ID "ID" true true false 19 Double 0 0,First,#,Sub_neu,ID,-1,-1;ID6 "ID6" true true false 80 Text 0 0,First,#,Sub_neu,ID6,0,80;gauge_name "gauge_name" true true false 254 Text 0 0,First,#,Sub_neu,gauge_name,0,254;water_body "water_body" true true false 254 Text 0 0,First,#,Sub_neu,water_body,0,254;country "country" true true false 80 Text 0 0,First,#,Sub_neu,country,0,80;H1 "H1" true true false 10 Long 0 10,First,#,Sub_neu,H1,-1,-1;H2 "H2" true true false 10 Long 0 10,First,#,Sub_neu,H2,-1,-1;Shape_Leng "Shape_Leng" true true false 19 Double 0 0,First,#,Sub_neu,Shape_Leng,-1,-1;Shape_Area "Shape_Area" true true false 19 Double 0 0,First,#,Sub_neu,Shape_Area,-1,-1;type_neu "type_neu" true true false 254 Text 0 0,First,#,Sub_neu,type_neu,0,254" #</Process><Process ToolSource="c:\program files\arcgis\pro\Resources\ArcToolbox\toolboxes\Data Management Tools.tbx\UpdateSchema" Date="20230117" Time="110911">UpdateSchema "CIMDATA=&lt;CIMStandardDataConnection xsi:type='typens:CIMStandardDataConnection' xmlns:xsi='http://www.w3.org/2001/XMLSchema-instance' xmlns:xs='http://www.w3.org/2001/XMLSchema' xmlns:typens='http://www.esri.com/schemas/ArcGIS/3.0.0'&gt;&lt;WorkspaceConnectionString&gt;DATABASE=C:\Users\ClientAdmin\GIS 2020\CAMELS_Project.gdb&lt;/WorkspaceConnectionString&gt;&lt;WorkspaceFactory&gt;FileGDB&lt;/WorkspaceFactory&gt;&lt;Dataset&gt;Sub_neu_2&lt;/Dataset&gt;&lt;DatasetType&gt;esriDTFeatureClass&lt;/DatasetType&gt;&lt;/CIMStandardDataConnection&gt;" &lt;operationSequence&gt;&lt;workflow&gt;&lt;AlterField&gt;&lt;field_name&gt;type_neu&lt;/field_name&gt;&lt;new_field_name&gt;type&lt;/new_field_name&gt;&lt;field_type&gt;TEXT&lt;/field_type&gt;&lt;field_is_nullable&gt;True&lt;/field_is_nullable&gt;&lt;clear_field_alias&gt;False&lt;/clear_field_alias&gt;&lt;/AlterField&gt;&lt;/workflow&gt;&lt;/operationSequence&gt;</Process><Process ToolSource="c:\program files\arcgis\pro\Resources\ArcToolbox\toolboxes\Data Management Tools.tbx\DeleteField" Date="20230117" Time="110946">DeleteField Sub_neu_2 Shape_Leng "Delete Fields"</Process><Process ToolSource="c:\program files\arcgis\pro\Resources\ArcToolbox\toolboxes\Conversion Tools.tbx\ExportFeatures" Date="20230117" Time="111045">ExportFeatures Sub_neu_2 "C:\Users\ClientAdmin\GIS 2020\CAMELS_EZG\CAMELS_CH_EZG_SUB_75.shp" # NOT_USE_ALIAS "ID "ID" true true false 8 Double 0 0,First,#,Sub_neu_2,ID,-1,-1;ID6 "ID6" true true false 80 Text 0 0,First,#,Sub_neu_2,ID6,0,80;gauge_name "gauge_name" true true false 254 Text 0 0,First,#,Sub_neu_2,gauge_name,0,254;water_body "water_body" true true false 254 Text 0 0,First,#,Sub_neu_2,water_body,0,254;type "type" true true false 254 Text 0 0,First,#,Sub_neu_2,type,0,254;country "country" true true false 80 Text 0 0,First,#,Sub_neu_2,country,0,80;H1 "H1" true true false 4 Long 0 0,First,#,Sub_neu_2,H1,-1,-1;H2 "H2" true true false 4 Long 0 0,First,#,Sub_neu_2,H2,-1,-1;Shape_Length "Shape_Length" false true true 8 Double 0 0,First,#,Sub_neu_2,Shape_Length,-1,-1;Shape_Area "Shape_Area" false true true 8 Double 0 0,First,#,Sub_neu_2,Shape_Area,-1,-1" #</Process><Process ToolSource="c:\program files\arcgis\pro\Resources\ArcToolbox\toolboxes\Conversion Tools.tbx\ExportFeatures" Date="20230117" Time="112210">ExportFeatures CAMELS_CH_EZG_SUB_75 "C:\Users\ClientAdmin\GIS 2020\CAMELS_Project.gdb\CAMELS_CH_EZG__sub3" # NOT_USE_ALIAS "ID "ID" true true false 19 Double 0 0,First,#,CAMELS_CH_EZG_SUB_75,ID,-1,-1;ID6 "ID6" true true false 80 Text 0 0,First,#,CAMELS_CH_EZG_SUB_75,ID6,0,80;gauge_name "gauge_name" true true false 254 Text 0 0,First,#,CAMELS_CH_EZG_SUB_75,gauge_name,0,254;water_body "water_body" true true false 254 Text 0 0,First,#,CAMELS_CH_EZG_SUB_75,water_body,0,254;type "type" true true false 254 Text 0 0,First,#,CAMELS_CH_EZG_SUB_75,type,0,254;country "country" true true false 80 Text 0 0,First,#,CAMELS_CH_EZG_SUB_75,country,0,80;H1 "H1" true true false 10 Long 0 10,First,#,CAMELS_CH_EZG_SUB_75,H1,-1,-1;H2 "H2" true true false 10 Long 0 10,First,#,CAMELS_CH_EZG_SUB_75,H2,-1,-1;Shape_Leng "Shape_Leng" true true false 19 Double 0 0,First,#,CAMELS_CH_EZG_SUB_75,Shape_Leng,-1,-1;Shape_Area "Shape_Area" true true false 19 Double 0 0,First,#,CAMELS_CH_EZG_SUB_75,Shape_Area,-1,-1" #</Process><Process ToolSource="c:\program files\arcgis\pro\Resources\ArcToolbox\toolboxes\Data Management Tools.tbx\UpdateSchema" Date="20230117" Time="112251">UpdateSchema "CIMDATA=&lt;CIMStandardDataConnection xsi:type='typens:CIMStandardDataConnection' xmlns:xsi='http://www.w3.org/2001/XMLSchema-instance' xmlns:xs='http://www.w3.org/2001/XMLSchema' xmlns:typens='http://www.esri.com/schemas/ArcGIS/3.0.0'&gt;&lt;WorkspaceConnectionString&gt;DATABASE=C:\Users\ClientAdmin\GIS 2020\CAMELS_Project.gdb&lt;/WorkspaceConnectionString&gt;&lt;WorkspaceFactory&gt;FileGDB&lt;/WorkspaceFactory&gt;&lt;Dataset&gt;CAMELS_CH_EZG__sub3&lt;/Dataset&gt;&lt;DatasetType&gt;esriDTFeatureClass&lt;/DatasetType&gt;&lt;/CIMStandardDataConnection&gt;" &lt;operationSequence&gt;&lt;workflow&gt;&lt;AlterField&gt;&lt;field_name&gt;ID&lt;/field_name&gt;&lt;new_field_name&gt;gauge_id&lt;/new_field_name&gt;&lt;field_is_nullable&gt;True&lt;/field_is_nullable&gt;&lt;clear_field_alias&gt;False&lt;/clear_field_alias&gt;&lt;/AlterField&gt;&lt;/workflow&gt;&lt;/operationSequence&gt;</Process><Process ToolSource="c:\program files\arcgis\pro\Resources\ArcToolbox\toolboxes\Conversion Tools.tbx\ExportFeatures" Date="20230117" Time="112401">ExportFeatures CAMELS_CH_EZG__sub3 "C:\Users\ClientAdmin\GIS 2020\CAMELS_EZG\CAMELS_CH_EZG_SUB_75.shp" # NOT_USE_ALIAS "gauge_id "gauge_id" true true false 8 Double 0 0,First,#,CAMELS_CH_EZG__sub3,gauge_id,-1,-1;ID6 "ID6" true true false 80 Text 0 0,First,#,CAMELS_CH_EZG__sub3,ID6,0,80;gauge_name "gauge_name" true true false 254 Text 0 0,First,#,CAMELS_CH_EZG__sub3,gauge_name,0,254;water_body "water_body" true true false 254 Text 0 0,First,#,CAMELS_CH_EZG__sub3,water_body,0,254;type "type" true true false 254 Text 0 0,First,#,CAMELS_CH_EZG__sub3,type,0,254;country "country" true true false 80 Text 0 0,First,#,CAMELS_CH_EZG__sub3,country,0,80;H1 "H1" true true false 4 Long 0 0,First,#,CAMELS_CH_EZG__sub3,H1,-1,-1;H2 "H2" true true false 4 Long 0 0,First,#,CAMELS_CH_EZG__sub3,H2,-1,-1;Shape_Leng "Shape_Leng" true true false 8 Double 0 0,First,#,CAMELS_CH_EZG__sub3,Shape_Leng,-1,-1;Shape_Length "Shape_Length" false true true 8 Double 0 0,First,#,CAMELS_CH_EZG__sub3,Shape_Length,-1,-1;Shape_Area "Shape_Area" false true true 8 Double 0 0,First,#,CAMELS_CH_EZG__sub3,Shape_Area,-1,-1" #</Process><Process ToolSource="c:\program files\arcgis\pro\Resources\ArcToolbox\Toolboxes\Data Management Tools.tbx\DeleteField" Date="20230120" Time="172823">DeleteField CAMELS_CH_EZG_SUB_75 Shape_Le_1 "Delete Fields"</Process><Process ToolSource="c:\program files\arcgis\pro\Resources\ArcToolbox\toolboxes\Data Management Tools.tbx\Sort" Date="20230124" Time="104511">Sort CAMELS_CH_EZG_SUB_75 "C:\Users\ClientAdmin\GIS 2020\EZG 24.1.23\CAMELS_CH_EZG_SUB_76" "gauge_id ASCENDING;FID ASCENDING" "Upper right"</Process></lineage><copyHistory><copy source="C:\Users\ClientAdmin\GIS 2020\CAMELS_EZG\CAMELS_CH_EZG_SUB_v74" dest="\\WUT-USCHOENE-VM\C$\Users\ClientAdmin\GIS 2020\CAMELS_EZG\CAMELS_CH_EZG_SUB_v74_1" date="20230117" time="09474500"></copy></copyHistory></DataProperties><SyncDate>20230124</SyncDate><SyncTime>10450900</SyncTime><ModDate>20230124</ModDate><ModTime>10450900</ModTime></Esri><dataIdInfo><envirDesc Sync="TRUE">Microsoft Windows 10 Version 10.0 (Build 19042) ; Esri ArcGIS 13.0.3.36057</envirDesc><dataLang><languageCode value="deu" Sync="TRUE"></languageCode><countryCode value="CHE" Sync="TRUE"></countryCode></dataLang><idCitation><resTitle Sync="TRUE">CAMELS_CH_EZG_SUB_76</resTitle><presForm><PresFormCd value="005" Sync="TRUE"></PresFormCd></presForm></idCitation><spatRpType><SpatRepTypCd value="001" Sync="TRUE"></SpatRepTypCd></spatRpType></dataIdInfo><mdLang><languageCode value="deu" Sync="TRUE"></languageCode><countryCode value="CHE" Sync="TRUE"></countryCode></mdLang><distInfo><distFormat><formatName Sync="TRUE">Shapefile</formatName></distFormat><distTranOps><transSize Sync="TRUE">0.000</transSize></distTranOps></distInfo><mdHrLv><ScopeCd value="005" Sync="TRUE"></ScopeCd></mdHrLv><mdHrLvName Sync="TRUE">dataset</mdHrLvName><refSysInfo><RefSystem><refSysID><identCode code="2056" Sync="TRUE"></identCode><idCodeSpace Sync="TRUE">EPSG</idCodeSpace><idVersion Sync="TRUE">4.5(8.1.0)</idVersion></refSysID></RefSystem></refSysInfo><spatRepInfo><VectSpatRep><geometObjs Name="CAMELS_CH_EZG_SUB_76"><geoObjTyp><GeoObjTypCd value="002" Sync="TRUE"></GeoObjTypCd></geoObjTyp><geoObjCnt Sync="TRUE">0</geoObjCnt></geometObjs><topLvl><TopoLevCd value="001" Sync="TRUE"></TopoLevCd></topLvl></VectSpatRep></spatRepInfo><spdoinfo><ptvctinf><esriterm Name="CAMELS_CH_EZG_SUB_76"><efeatyp Sync="TRUE">Simple</efeatyp><efeageom code="4" Sync="TRUE"></efeageom><esritopo Sync="TRUE">FALSE</esritopo><efeacnt Sync="TRUE">0</efeacnt><spindex Sync="TRUE">FALSE</spindex><linrefer Sync="TRUE">TRUE</linrefer></esriterm></ptvctinf></spdoinfo><eainfo><detailed Name="CAMELS_CH_EZG_SUB_76"><enttyp><enttypl Sync="TRUE">CAMELS_CH_EZG_SUB_76</enttypl><enttypt Sync="TRUE">Feature Class</enttypt><enttypc Sync="TRUE">0</enttypc></enttyp><attr><attrlabl Sync="TRUE">FID</attrlabl><attalias Sync="TRUE">FID</attalias><attrtype Sync="TRUE">OID</attrtype><attwidth Sync="TRUE">4</attwidth><atprecis Sync="TRUE">0</atprecis><attscale Sync="TRUE">0</attscale><attrdef Sync="TRUE">Internal feature number.</attrdef><attrdefs Sync="TRUE">Esri</attrdefs><attrdomv><udom Sync="TRUE">Sequential unique whole numbers that are automatically generated.</udom></attrdomv></attr><attr><attrlabl Sync="TRUE">Shape</attrlabl><attalias Sync="TRUE">Shape</attalias><attrtype Sync="TRUE">Geometry</attrtype><attwidth Sync="TRUE">0</attwidth><atprecis Sync="TRUE">0</atprecis><attscale Sync="TRUE">0</attscale><attrdef Sync="TRUE">Feature geometry.</attrdef><attrdefs Sync="TRUE">Esri</attrdefs><attrdomv><udom Sync="TRUE">Coordinates defining the features.</udom></attrdomv></attr><attr><attrlabl Sync="TRUE">gauge_id</attrlabl><attalias Sync="TRUE">gauge_id</attalias><attrtype Sync="TRUE">Double</attrtype><attwidth Sync="TRUE">19</attwidth><atprecis Sync="TRUE">0</atprecis><attscale Sync="TRUE">0</attscale></attr><attr><attrlabl Sync="TRUE">H1</attrlabl><attalias Sync="TRUE">H1</attalias><attrtype Sync="TRUE">Integer</attrtype><attwidth Sync="TRUE">10</attwidth><atprecis Sync="TRUE">10</atprecis><attscale Sync="TRUE">0</attscale></attr><attr><attrlabl Sync="TRUE">H2</attrlabl><attalias Sync="TRUE">H2</attalias><attrtype Sync="TRUE">Integer</attrtype><attwidth Sync="TRUE">10</attwidth><atprecis Sync="TRUE">10</atprecis><attscale Sync="TRUE">0</attscale></attr><attr><attrlabl Sync="TRUE">water_body</attrlabl><attalias Sync="TRUE">water_body</attalias><attrtype Sync="TRUE">String</attrtype><attwidth Sync="TRUE">254</attwidth><atprecis Sync="TRUE">0</atprecis><attscale Sync="TRUE">0</attscale></attr><attr><attrlabl Sync="TRUE">type</attrlabl><attalias Sync="TRUE">type</attalias><attrtype Sync="TRUE">String</attrtype><attwidth Sync="TRUE">254</attwidth><atprecis Sync="TRUE">0</atprecis><attscale Sync="TRUE">0</attscale></attr><attr><attrlabl Sync="TRUE">country</attrlabl><attalias Sync="TRUE">country</attalias><attrtype Sync="TRUE">String</attrtype><attwidth Sync="TRUE">80</attwidth><atprecis Sync="TRUE">0</atprecis><attscale Sync="TRUE">0</attscale></attr><attr><attrlabl Sync="TRUE">ID6</attrlabl><attalias Sync="TRUE">ID6</attalias><attrtype Sync="TRUE">String</attrtype><attwidth Sync="TRUE">80</attwidth><atprecis Sync="TRUE">0</atprecis><attscale Sync="TRUE">0</attscale></attr><attr><attrlabl Sync="TRUE">Shape_Leng</attrlabl><attalias Sync="TRUE">Shape_Leng</attalias><attrtype Sync="TRUE">Double</attrtype><attwidth Sync="TRUE">19</attwidth><atprecis Sync="TRUE">0</atprecis><attscale Sync="TRUE">0</attscale></attr><attr><attrlabl Sync="TRUE">Shape_Area</attrlabl><attalias Sync="TRUE">Shape_Area</attalias><attrtype Sync="TRUE">Double</attrtype><attwidth Sync="TRUE">19</attwidth><atprecis Sync="TRUE">0</atprecis><attscale Sync="TRUE">0</attscale><attrdef Sync="TRUE">Area of feature in internal units squared.</attrdef><attrdefs Sync="TRUE">Esri</attrdefs><attrdomv><udom Sync="TRUE">Positive real numbers that are automatically generated.</udom></attrdomv></attr><attr><attrlabl Sync="TRUE">gauge_name</attrlabl><attalias Sync="TRUE">gauge_name</attalias><attrtype Sync="TRUE">String</attrtype><attwidth Sync="TRUE">254</attwidth><atprecis Sync="TRUE">0</atprecis><attscale Sync="TRUE">0</attscale></attr><attr><attrlabl Sync="TRUE">ORIG_FID</attrlabl><attalias Sync="TRUE">ORIG_FID</attalias><attrtype Sync="TRUE">Integer</attrtype><attwidth Sync="TRUE">10</attwidth><atprecis Sync="TRUE">10</atprecis><attscale Sync="TRUE">0</attscale></attr></detailed></eainfo><mdDateSt Sync="TRUE">20230124</mdDateSt><mdChar><CharSetCd value="004" Sync="TRUE"></CharSetCd></mdChar></metadata>
