<metadata xml:lang="de"><Esri><CreaDate>20230117</CreaDate><CreaTime>10503000</CreaTime><ArcGISFormat>1.0</ArcGISFormat><SyncOnce>FALSE</SyncOnce><DataProperties><lineage><Process ToolSource="c:\program files\arcgis\pro\Resources\ArcToolbox\toolboxes\Data Management Tools.tbx\CreateFeatureclass" Date="20230117" Time="105030">CreateFeatureclass "C:\Users\ClientAdmin\GIS 2020\CAMELS_Project.gdb" Stations_LV95_2 Point Sheet1$ No No "PROJCS["CH1903+_LV95",GEOGCS["GCS_CH1903+",DATUM["D_CH1903+",SPHEROID["Bessel_1841",6377397.155,299.1528128]],PRIMEM["Greenwich",0.0],UNIT["Degree",0.0174532925199433]],PROJECTION["Hotine_Oblique_Mercator_Azimuth_Center"],PARAMETER["False_Easting",2600000.0],PARAMETER["False_Northing",1200000.0],PARAMETER["Scale_Factor",1.0],PARAMETER["Azimuth",90.0],PARAMETER["Longitude_Of_Center",7.439583333333333],PARAMETER["Latitude_Of_Center",46.95240555555556],UNIT["Meter",1.0]];-27386400 -32067900 140996569.55188;-100000 10000;-100000 10000;0.001;0.001;0.001;IsHighPrecision" # 0 0 0 #</Process><Process ToolSource="c:\program files\arcgis\pro\Resources\ArcToolbox\toolboxes\Data Management Tools.tbx\XYTableToPoint" Date="20230117" Time="105030">XYTableToPoint Sheet1$ "C:\Users\ClientAdmin\GIS 2020\CAMELS_Project.gdb\Stations_LV95_2" X_CH03 Y_CH03 # "PROJCS["CH1903+_LV95",GEOGCS["GCS_CH1903+",DATUM["D_CH1903+",SPHEROID["Bessel_1841",6377397.155,299.1528128]],PRIMEM["Greenwich",0.0],UNIT["Degree",0.0174532925199433]],PROJECTION["Hotine_Oblique_Mercator_Azimuth_Center"],PARAMETER["False_Easting",2600000.0],PARAMETER["False_Northing",1200000.0],PARAMETER["Scale_Factor",1.0],PARAMETER["Azimuth",90.0],PARAMETER["Longitude_Of_Center",7.439583333333333],PARAMETER["Latitude_Of_Center",46.95240555555556],UNIT["Meter",1.0]];-27386400 -32067900 140996569.55188;-100000 10000;-100000 10000;0.001;0.001;0.001;IsHighPrecision"</Process><Process ToolSource="c:\program files\arcgis\pro\Resources\ArcToolbox\toolboxes\Conversion Tools.tbx\ExportFeatures" Date="20230117" Time="105323">ExportFeatures Stations_LV95_2 "C:\Users\ClientAdmin\GIS 2020\CAMELS_EZG\CAMELS_CH_station_75.shp" # NOT_USE_ALIAS "ID "ID" true true false 8 Double 0 0,First,#,Stations_LV95_2,ID,-1,-1;ID6 "ID6" true true false 255 Text 0 0,First,#,Stations_LV95_2,ID6,0,255;gauge_name "gauge_name" true true false 255 Text 0 0,First,#,Stations_LV95_2,gauge_name,0,255;water_body "water_body" true true false 255 Text 0 0,First,#,Stations_LV95_2,water_body,0,255;type "type" true true false 255 Text 0 0,First,#,Stations_LV95_2,type,0,255;country "country" true true false 255 Text 0 0,First,#,Stations_LV95_2,country,0,255;X_CH03 "X_CH03" true true false 8 Double 0 0,First,#,Stations_LV95_2,X_CH03,-1,-1;Y_CH03 "Y_CH03" true true false 8 Double 0 0,First,#,Stations_LV95_2,Y_CH03,-1,-1" #</Process><Process ToolSource="c:\program files\arcgis\pro\Resources\ArcToolbox\toolboxes\Conversion Tools.tbx\ExportFeatures" Date="20230117" Time="105744">ExportFeatures CAMELS_CH_station_75 "C:\Users\ClientAdmin\GIS 2020\CAMELS_Project.gdb\CAMELS_CH_stat_ExportFeature" # NOT_USE_ALIAS "ID "ID" true true false 19 Double 0 0,First,#,CAMELS_CH_station_75,CAMELS_CH_station_75.ID,-1,-1;ID6 "ID6" true true false 254 Text 0 0,First,#,CAMELS_CH_station_75,CAMELS_CH_station_75.ID6,0,254;gauge_name "gauge_name" true true false 254 Text 0 0,First,#,CAMELS_CH_station_75,CAMELS_CH_station_75.gauge_name,0,254;water_body "water_body" true true false 254 Text 0 0,First,#,CAMELS_CH_station_75,CAMELS_CH_station_75.water_body,0,254;type "type" true true false 254 Text 0 0,First,#,CAMELS_CH_station_75,CAMELS_CH_station_75.type,0,254;country "country" true true false 254 Text 0 0,First,#,CAMELS_CH_station_75,CAMELS_CH_station_75.country,0,254;X_CH03 "X_CH03" true true false 19 Double 0 0,First,#,CAMELS_CH_station_75,CAMELS_CH_station_75.X_CH03,-1,-1;Y_CH03 "Y_CH03" true true false 19 Double 0 0,First,#,CAMELS_CH_station_75,CAMELS_CH_station_75.Y_CH03,-1,-1;ID "ID" true true false 8 Double 0 0,First,#,CAMELS_CH_station_75,Sheet1$.ID,-1,-1;X "X" true true false 8 Double 0 0,First,#,CAMELS_CH_station_75,Sheet1$.X,-1,-1;Y "Y" true true false 8 Double 0 0,First,#,CAMELS_CH_station_75,Sheet1$.Y,-1,-1;ObjectID "ObjectID" false true false 4 Long 0 9,First,#,CAMELS_CH_station_75,Sheet1$.ObjectID,-1,-1" #</Process><Process ToolSource="c:\program files\arcgis\pro\Resources\ArcToolbox\toolboxes\Data Management Tools.tbx\DeleteField" Date="20230117" Time="105819">DeleteField CAMELS_CH_stat_ExportFeature X_CH03 "Delete Fields"</Process><Process ToolSource="c:\program files\arcgis\pro\Resources\ArcToolbox\toolboxes\Data Management Tools.tbx\DeleteField" Date="20230117" Time="105834">DeleteField CAMELS_CH_stat_ExportFeature Y_CH03 "Delete Fields"</Process><Process ToolSource="c:\program files\arcgis\pro\Resources\ArcToolbox\toolboxes\Data Management Tools.tbx\DeleteField" Date="20230117" Time="105843">DeleteField CAMELS_CH_stat_ExportFeature ID_1 "Delete Fields"</Process><Process ToolSource="c:\program files\arcgis\pro\Resources\ArcToolbox\toolboxes\Data Management Tools.tbx\DeleteField" Date="20230117" Time="105853">DeleteField CAMELS_CH_stat_ExportFeature ObjectID "Delete Fields"</Process><Process ToolSource="c:\program files\arcgis\pro\Resources\ArcToolbox\toolboxes\Conversion Tools.tbx\ExportFeatures" Date="20230117" Time="110038">ExportFeatures CAMELS_CH_stat_ExportFeature "C:\Users\ClientAdmin\GIS 2020\CAMELS_EZG\CAMELS_CH_station_75.shp" # NOT_USE_ALIAS "ID "ID" true true false 8 Double 0 0,First,#,CAMELS_CH_stat_ExportFeature,ID,-1,-1;ID6 "ID6" true true false 254 Text 0 0,First,#,CAMELS_CH_stat_ExportFeature,ID6,0,254;gauge_name "gauge_name" true true false 254 Text 0 0,First,#,CAMELS_CH_stat_ExportFeature,gauge_name,0,254;water_body "water_body" true true false 254 Text 0 0,First,#,CAMELS_CH_stat_ExportFeature,water_body,0,254;type "type" true true false 254 Text 0 0,First,#,CAMELS_CH_stat_ExportFeature,type,0,254;country "country" true true false 254 Text 0 0,First,#,CAMELS_CH_stat_ExportFeature,country,0,254;X "X" true true false 8 Double 0 0,First,#,CAMELS_CH_stat_ExportFeature,X,-1,-1;Y "Y" true true false 8 Double 0 0,First,#,CAMELS_CH_stat_ExportFeature,Y,-1,-1" #</Process><Process ToolSource="c:\program files\arcgis\pro\Resources\ArcToolbox\toolboxes\Conversion Tools.tbx\ExportFeatures" Date="20230117" Time="112437">ExportFeatures CAMELS_CH_station_75 "C:\Users\ClientAdmin\GIS 2020\CAMELS_Project.gdb\CAMELS_CH_stat_ExportFeature3" # NOT_USE_ALIAS "ID "ID" true true false 19 Double 0 0,First,#,CAMELS_CH_station_75,ID,-1,-1;ID6 "ID6" true true false 254 Text 0 0,First,#,CAMELS_CH_station_75,ID6,0,254;gauge_name "gauge_name" true true false 254 Text 0 0,First,#,CAMELS_CH_station_75,gauge_name,0,254;water_body "water_body" true true false 254 Text 0 0,First,#,CAMELS_CH_station_75,water_body,0,254;type "type" true true false 254 Text 0 0,First,#,CAMELS_CH_station_75,type,0,254;country "country" true true false 254 Text 0 0,First,#,CAMELS_CH_station_75,country,0,254;X "X" true true false 19 Double 0 0,First,#,CAMELS_CH_station_75,X,-1,-1;Y "Y" true true false 19 Double 0 0,First,#,CAMELS_CH_station_75,Y,-1,-1" #</Process><Process ToolSource="c:\program files\arcgis\pro\Resources\ArcToolbox\toolboxes\Data Management Tools.tbx\UpdateSchema" Date="20230117" Time="112512">UpdateSchema "CIMDATA=&lt;CIMStandardDataConnection xsi:type='typens:CIMStandardDataConnection' xmlns:xsi='http://www.w3.org/2001/XMLSchema-instance' xmlns:xs='http://www.w3.org/2001/XMLSchema' xmlns:typens='http://www.esri.com/schemas/ArcGIS/3.0.0'&gt;&lt;WorkspaceConnectionString&gt;DATABASE=C:\Users\ClientAdmin\GIS 2020\CAMELS_Project.gdb&lt;/WorkspaceConnectionString&gt;&lt;WorkspaceFactory&gt;FileGDB&lt;/WorkspaceFactory&gt;&lt;Dataset&gt;CAMELS_CH_stat_ExportFeature3&lt;/Dataset&gt;&lt;DatasetType&gt;esriDTFeatureClass&lt;/DatasetType&gt;&lt;/CIMStandardDataConnection&gt;" &lt;operationSequence&gt;&lt;workflow&gt;&lt;AlterField&gt;&lt;field_name&gt;ID&lt;/field_name&gt;&lt;new_field_name&gt;gauge_id&lt;/new_field_name&gt;&lt;field_is_nullable&gt;True&lt;/field_is_nullable&gt;&lt;clear_field_alias&gt;False&lt;/clear_field_alias&gt;&lt;/AlterField&gt;&lt;/workflow&gt;&lt;/operationSequence&gt;</Process><Process ToolSource="c:\program files\arcgis\pro\Resources\ArcToolbox\toolboxes\Conversion Tools.tbx\ExportFeatures" Date="20230117" Time="112637">ExportFeatures CAMELS_CH_stat_ExportFeature3 "C:\Users\ClientAdmin\GIS 2020\CAMELS_EZG\CAMELS_CH_station_75.shp" # NOT_USE_ALIAS "gauge_id "gauge_id" true true false 8 Double 0 0,First,#,CAMELS_CH_stat_ExportFeature3,gauge_id,-1,-1;ID6 "ID6" true true false 254 Text 0 0,First,#,CAMELS_CH_stat_ExportFeature3,ID6,0,254;gauge_name "gauge_name" true true false 254 Text 0 0,First,#,CAMELS_CH_stat_ExportFeature3,gauge_name,0,254;water_body "water_body" true true false 254 Text 0 0,First,#,CAMELS_CH_stat_ExportFeature3,water_body,0,254;type "type" true true false 254 Text 0 0,First,#,CAMELS_CH_stat_ExportFeature3,type,0,254;country "country" true true false 254 Text 0 0,First,#,CAMELS_CH_stat_ExportFeature3,country,0,254;X "X" true true false 8 Double 0 0,First,#,CAMELS_CH_stat_ExportFeature3,X,-1,-1;Y "Y" true true false 8 Double 0 0,First,#,CAMELS_CH_stat_ExportFeature3,Y,-1,-1" #</Process><Process ToolSource="c:\program files\arcgis\pro\Resources\ArcToolbox\Toolboxes\Data Management Tools.tbx\DeleteField" Date="20230120" Time="172759">DeleteField CAMELS_CH_station_75 X "Delete Fields"</Process><Process ToolSource="c:\program files\arcgis\pro\Resources\ArcToolbox\Toolboxes\Data Management Tools.tbx\DeleteField" Date="20230120" Time="172807">DeleteField CAMELS_CH_station_75 Y "Delete Fields"</Process><Process ToolSource="c:\program files\arcgis\pro\Resources\ArcToolbox\toolboxes\Data Management Tools.tbx\Sort" Date="20230124" Time="104350">Sort CAMELS_CH_station_75 "C:\Users\ClientAdmin\GIS 2020\EZG 24.1.23\CAMELS_CH_station_76" "gauge_id ASCENDING;FID ASCENDING" "Upper right"</Process></lineage><itemProps><itemName Sync="TRUE">CAMELS_CH_station_76</itemName><imsContentType Sync="TRUE">002</imsContentType><itemSize Sync="TRUE">0.000</itemSize><itemLocation><linkage Sync="TRUE">file://\\WUT-USCHOENE-VM\C$\Users\ClientAdmin\GIS 2020\EZG 24.1.23\CAMELS_CH_station_76.shp</linkage><protocol Sync="TRUE">Local Area Network</protocol></itemLocation></itemProps><coordRef><type Sync="TRUE">Projected</type><geogcsn Sync="TRUE">GCS_CH1903+</geogcsn><csUnits Sync="TRUE">Linear Unit: Meter (1.000000)</csUnits><projcsn Sync="TRUE">CH1903+_LV95</projcsn><peXml Sync="TRUE">&lt;ProjectedCoordinateSystem xsi:type='typens:ProjectedCoordinateSystem' xmlns:xsi='http://www.w3.org/2001/XMLSchema-instance' xmlns:xs='http://www.w3.org/2001/XMLSchema' xmlns:typens='http://www.esri.com/schemas/ArcGIS/3.0.0'&gt;&lt;WKT&gt;PROJCS[&amp;quot;CH1903+_LV95&amp;quot;,GEOGCS[&amp;quot;GCS_CH1903+&amp;quot;,DATUM[&amp;quot;D_CH1903+&amp;quot;,SPHEROID[&amp;quot;Bessel_1841&amp;quot;,6377397.155,299.1528128]],PRIMEM[&amp;quot;Greenwich&amp;quot;,0.0],UNIT[&amp;quot;Degree&amp;quot;,0.0174532925199433]],PROJECTION[&amp;quot;Hotine_Oblique_Mercator_Azimuth_Center&amp;quot;],PARAMETER[&amp;quot;False_Easting&amp;quot;,2600000.0],PARAMETER[&amp;quot;False_Northing&amp;quot;,1200000.0],PARAMETER[&amp;quot;Scale_Factor&amp;quot;,1.0],PARAMETER[&amp;quot;Azimuth&amp;quot;,90.0],PARAMETER[&amp;quot;Longitude_Of_Center&amp;quot;,7.439583333333333],PARAMETER[&amp;quot;Latitude_Of_Center&amp;quot;,46.95240555555556],UNIT[&amp;quot;Meter&amp;quot;,1.0],AUTHORITY[&amp;quot;EPSG&amp;quot;,2056]]&lt;/WKT&gt;&lt;XOrigin&gt;-27386400&lt;/XOrigin&gt;&lt;YOrigin&gt;-32067900&lt;/YOrigin&gt;&lt;XYScale&gt;140996569.55187955&lt;/XYScale&gt;&lt;ZOrigin&gt;-100000&lt;/ZOrigin&gt;&lt;ZScale&gt;10000&lt;/ZScale&gt;&lt;MOrigin&gt;-100000&lt;/MOrigin&gt;&lt;MScale&gt;10000&lt;/MScale&gt;&lt;XYTolerance&gt;0.001&lt;/XYTolerance&gt;&lt;ZTolerance&gt;0.001&lt;/ZTolerance&gt;&lt;MTolerance&gt;0.001&lt;/MTolerance&gt;&lt;HighPrecision&gt;true&lt;/HighPrecision&gt;&lt;WKID&gt;2056&lt;/WKID&gt;&lt;LatestWKID&gt;2056&lt;/LatestWKID&gt;&lt;/ProjectedCoordinateSystem&gt;</peXml></coordRef></DataProperties><SyncDate>20230124</SyncDate><SyncTime>10435000</SyncTime><ModDate>20230124</ModDate><ModTime>10435000</ModTime></Esri><dataIdInfo><envirDesc Sync="TRUE">Microsoft Windows 10 Version 10.0 (Build 19042) ; Esri ArcGIS 13.0.3.36057</envirDesc><dataLang><languageCode value="deu" Sync="TRUE"></languageCode><countryCode value="CHE" Sync="TRUE"></countryCode></dataLang><idCitation><resTitle Sync="TRUE">CAMELS_CH_station_76</resTitle><presForm><PresFormCd value="005" Sync="TRUE"></PresFormCd></presForm></idCitation><spatRpType><SpatRepTypCd value="001" Sync="TRUE"></SpatRepTypCd></spatRpType></dataIdInfo><mdLang><languageCode value="deu" Sync="TRUE"></languageCode><countryCode value="CHE" Sync="TRUE"></countryCode></mdLang><distInfo><distFormat><formatName Sync="TRUE">Shapefile</formatName></distFormat><distTranOps><transSize Sync="TRUE">0.000</transSize></distTranOps></distInfo><mdHrLv><ScopeCd value="005" Sync="TRUE"></ScopeCd></mdHrLv><mdHrLvName Sync="TRUE">dataset</mdHrLvName><refSysInfo><RefSystem><refSysID><identCode code="2056" Sync="TRUE"></identCode><idCodeSpace Sync="TRUE">EPSG</idCodeSpace><idVersion Sync="TRUE">4.5(8.1.0)</idVersion></refSysID></RefSystem></refSysInfo><spatRepInfo><VectSpatRep><geometObjs Name="CAMELS_CH_station_76"><geoObjTyp><GeoObjTypCd value="004" Sync="TRUE"></GeoObjTypCd></geoObjTyp><geoObjCnt Sync="TRUE">0</geoObjCnt></geometObjs><topLvl><TopoLevCd value="001" Sync="TRUE"></TopoLevCd></topLvl></VectSpatRep></spatRepInfo><spdoinfo><ptvctinf><esriterm Name="CAMELS_CH_station_76"><efeatyp Sync="TRUE">Simple</efeatyp><efeageom code="1" Sync="TRUE"></efeageom><esritopo Sync="TRUE">FALSE</esritopo><efeacnt Sync="TRUE">0</efeacnt><spindex Sync="TRUE">FALSE</spindex><linrefer Sync="TRUE">FALSE</linrefer></esriterm></ptvctinf></spdoinfo><eainfo><detailed Name="CAMELS_CH_station_76"><enttyp><enttypl Sync="TRUE">CAMELS_CH_station_76</enttypl><enttypt Sync="TRUE">Feature Class</enttypt><enttypc Sync="TRUE">0</enttypc></enttyp><attr><attrlabl Sync="TRUE">FID</attrlabl><attalias Sync="TRUE">FID</attalias><attrtype Sync="TRUE">OID</attrtype><attwidth Sync="TRUE">4</attwidth><atprecis Sync="TRUE">0</atprecis><attscale Sync="TRUE">0</attscale><attrdef Sync="TRUE">Internal feature number.</attrdef><attrdefs Sync="TRUE">Esri</attrdefs><attrdomv><udom Sync="TRUE">Sequential unique whole numbers that are automatically generated.</udom></attrdomv></attr><attr><attrlabl Sync="TRUE">Shape</attrlabl><attalias Sync="TRUE">Shape</attalias><attrtype Sync="TRUE">Geometry</attrtype><attwidth Sync="TRUE">0</attwidth><atprecis Sync="TRUE">0</atprecis><attscale Sync="TRUE">0</attscale><attrdef Sync="TRUE">Feature geometry.</attrdef><attrdefs Sync="TRUE">Esri</attrdefs><attrdomv><udom Sync="TRUE">Coordinates defining the features.</udom></attrdomv></attr><attr><attrlabl Sync="TRUE">gauge_id</attrlabl><attalias Sync="TRUE">gauge_id</attalias><attrtype Sync="TRUE">Double</attrtype><attwidth Sync="TRUE">19</attwidth><atprecis Sync="TRUE">0</atprecis><attscale Sync="TRUE">0</attscale></attr><attr><attrlabl Sync="TRUE">ID6</attrlabl><attalias Sync="TRUE">ID6</attalias><attrtype Sync="TRUE">String</attrtype><attwidth Sync="TRUE">254</attwidth><atprecis Sync="TRUE">0</atprecis><attscale Sync="TRUE">0</attscale></attr><attr><attrlabl Sync="TRUE">gauge_name</attrlabl><attalias Sync="TRUE">gauge_name</attalias><attrtype Sync="TRUE">String</attrtype><attwidth Sync="TRUE">254</attwidth><atprecis Sync="TRUE">0</atprecis><attscale Sync="TRUE">0</attscale></attr><attr><attrlabl Sync="TRUE">water_body</attrlabl><attalias Sync="TRUE">water_body</attalias><attrtype Sync="TRUE">String</attrtype><attwidth Sync="TRUE">254</attwidth><atprecis Sync="TRUE">0</atprecis><attscale Sync="TRUE">0</attscale></attr><attr><attrlabl Sync="TRUE">type</attrlabl><attalias Sync="TRUE">type</attalias><attrtype Sync="TRUE">String</attrtype><attwidth Sync="TRUE">254</attwidth><atprecis Sync="TRUE">0</atprecis><attscale Sync="TRUE">0</attscale></attr><attr><attrlabl Sync="TRUE">country</attrlabl><attalias Sync="TRUE">country</attalias><attrtype Sync="TRUE">String</attrtype><attwidth Sync="TRUE">254</attwidth><atprecis Sync="TRUE">0</atprecis><attscale Sync="TRUE">0</attscale></attr><attr><attrlabl Sync="TRUE">ORIG_FID</attrlabl><attalias Sync="TRUE">ORIG_FID</attalias><attrtype Sync="TRUE">Integer</attrtype><attwidth Sync="TRUE">10</attwidth><atprecis Sync="TRUE">10</atprecis><attscale Sync="TRUE">0</attscale></attr></detailed></eainfo><mdDateSt Sync="TRUE">20230124</mdDateSt></metadata>
