<?xml version="1.0" encoding="UTF-8"?>
<metadata xml:lang="de"><Esri><CreaDate>20190405</CreaDate><CreaTime>11395100</CreaTime><ArcGISFormat>1.0</ArcGISFormat><SyncOnce>FALSE</SyncOnce><DataProperties><itemProps><itemLocation><linkage Sync="TRUE">file://\\VAWNB29\C$\Users\hodel\Documents\Data\SGI_Harmonisierung\20190405_SGI_Topologie\SGI_Topologie.gdb</linkage><protocol Sync="TRUE">Local Area Network</protocol></itemLocation><itemName Sync="TRUE">SGI1973</itemName><imsContentType Sync="TRUE">002</imsContentType></itemProps><copyHistory><copy source="F:\GLAMOS_HomogenisierungInventare\01_Eigene_Arbeit\01_Daten_SGI\07_Parent_Child\03_Inventardaten_korrigiert\SGI_1973_Korr01_02" dest="\\vboxsrv\01_GRENZEN_Projekte\GLAMOS_HomogenisierungInventare\92_Ausgang\20190227_Daten_SGI\03_Bearbeitete_Daten\03_SGI_Inventare\SGI_1973_Korr01_02" date="20190227" time="05323100"></copy></copyHistory><lineage><Process ToolSource="c:\program files (x86)\arcgis\desktop10.5\ArcToolbox\Toolboxes\Data Management Tools.tbx\CalculateField" Date="20190318" Time="150049">CalculateField SGI_1973_Korr01_02 SGI "[RiverLevel]&amp; [RiverLev_1]&amp; [RiverLev_2]&amp; [RiverLev_3]&amp;"-"&amp; [InventoryC]" VB #</Process><Process ToolSource="c:\program files (x86)\arcgis\desktop10.5\ArcToolbox\Toolboxes\Data Management Tools.tbx\CalculateField" Date="20190318" Time="150114">CalculateField SGI_1973_Korr01_02 SGI "[RiverLevel]&amp; [RiverLev_1]&amp; [RiverLev_2]&amp; [RiverLev_3]&amp;"-"&amp; [InventoryC]" VB #</Process><Process ToolSource="c:\program files (x86)\arcgis\desktop10.5\ArcToolbox\Toolboxes\Data Management Tools.tbx\CalculateField" Date="20190318" Time="150218">CalculateField SGI_1973_Korr01_02 SGI "[RiverLevel]&amp; [RiverLev_1]&amp; [RiverLev_2]&amp; [RiverLev_3]&amp;"-"&amp; [InventoryC]" VB #</Process><Process ToolSource="c:\program files (x86)\arcgis\desktop10.5\ArcToolbox\Toolboxes\Data Management Tools.tbx\CalculateField" Date="20190318" Time="150302">CalculateField SGI_1973_Korr01_02 SGI "[RiverLevel]&amp; [RiverLev_1]&amp; [RiverLev_2]&amp;"-"&amp; [InventoryC]" VB #</Process><Process ToolSource="c:\program files (x86)\arcgis\desktop10.5\ArcToolbox\Toolboxes\Conversion Tools.tbx\FeatureClassToFeatureClass" Date="20190404" Time="163348">FeatureClassToFeatureClass C:\Users\hodel\Documents\DATA\SGI_Harmonisierung\04_Abnahme\SGI_1973_Korr01_02.shp C:\Users\hodel\Documents\Data\SGI_Harmonisierung\20190405_SGI_Topologie\SGI_Topologie.gdb\SGI_Topo SGI1973 # "RivLevel0 "RivLevel0" true true false 1 Text 0 0 ,First,#,C:\Users\hodel\Documents\DATA\SGI_Harmonisierung\04_Abnahme\SGI_1973_Korr01_02.shp,RiverLevel,-1,-1;RivLevel1 "RivLevel1" true true false 10 Long 0 10 ,First,#,C:\Users\hodel\Documents\DATA\SGI_Harmonisierung\04_Abnahme\SGI_1973_Korr01_02.shp,RiverLev_1,-1,-1;RivLevel2 "RivLevel2" true true false 10 Long 0 10 ,First,#,C:\Users\hodel\Documents\DATA\SGI_Harmonisierung\04_Abnahme\SGI_1973_Korr01_02.shp,RiverLev_2,-1,-1;RivLevel3 "RivLevel3" true true false 1 Text 0 0 ,First,#,C:\Users\hodel\Documents\DATA\SGI_Harmonisierung\04_Abnahme\SGI_1973_Korr01_02.shp,RiverLev_3,-1,-1;InventCode "InventCode" true true false 10 Long 0 10 ,First,#,C:\Users\hodel\Documents\DATA\SGI_Harmonisierung\04_Abnahme\SGI_1973_Korr01_02.shp,InventoryC,-1,-1;PARENT "PARENT" true true false 10 Long 0 10 ,First,#,C:\Users\hodel\Documents\DATA\SGI_Harmonisierung\04_Abnahme\SGI_1973_Korr01_02.shp,PARENT,-1,-1;SGI "SGI" true true false 8 Text 0 0 ,First,#,C:\Users\hodel\Documents\DATA\SGI_Harmonisierung\04_Abnahme\SGI_1973_Korr01_02.shp,SGI,-1,-1" #</Process><Process ToolSource="c:\program files (x86)\arcgis\desktop10.5\ArcToolbox\Toolboxes\Data Management Tools.tbx\CalculateField" Date="20190404" Time="180543">CalculateField SGI1973 temp "str(!RivLevel0!) + str( !RivLevel1!) + str( !RivLevel2!) + str( !RivLevel3! )+ "-" + str( !PARENT!)" PYTHON_9.3 #</Process><Process ToolSource="c:\program files (x86)\arcgis\desktop10.5\ArcToolbox\Toolboxes\Data Management Tools.tbx\CalculateField" Date="20190404" Time="182031">CalculateField SGI1973 temp "!RivLevel0! + str( !RivLevel1! ) + str( !RivLevel2! )" PYTHON_9.3 #</Process><Process ToolSource="c:\program files (x86)\arcgis\desktop10.5\ArcToolbox\Toolboxes\Data Management Tools.tbx\CalculateField" Date="20190405" Time="094733">CalculateField SGI1973 test "!RivLevel0! + str( !RivLevel1! ) + str( !RivLevel2! ) + str( !RivLevel3! ) + str( !InventCode! )" PYTHON_9.3 #</Process><Process ToolSource="c:\program files (x86)\arcgis\desktop10.5\ArcToolbox\Toolboxes\Data Management Tools.tbx\CalculateField" Date="20190405" Time="094836">CalculateField SGI1973 test "!RivLevel0! + str( !RivLevel1! ) + str( !RivLevel2! ) + str( !RivLevel3! ) + "-" +  str( !InventCode! )" PYTHON_9.3 #</Process><Process ToolSource="c:\program files (x86)\arcgis\desktop10.5\ArcToolbox\Toolboxes\Data Management Tools.tbx\CalculateField" Date="20190405" Time="094909">CalculateField SGI1973 test "!RivLevel0! + str( !RivLevel1! ) + str( !RivLevel2! ) + "-" +  str( !InventCode! )" PYTHON_9.3 #</Process><Process ToolSource="c:\program files (x86)\arcgis\desktop10.5\ArcToolbox\Toolboxes\Data Management Tools.tbx\CalculateField" Date="20190405" Time="094952">CalculateField SGI1973 test "!RivLevel0! + str( !RivLevel1! ) + str( !RivLevel2! ) + "-" + str( !PARENT!)" PYTHON_9.3 #</Process><Process ToolSource="c:\program files (x86)\arcgis\desktop10.5\ArcToolbox\Toolboxes\Data Management Tools.tbx\CalculateField" Date="20190405" Time="095113">CalculateField SGI1973 test "!RivLevel0! + str( !RivLevel1! ) + str( !RivLevel2! ) + "-" + str( !PARENT!)" PYTHON_9.3 #</Process><Process ToolSource="c:\program files (x86)\arcgis\desktop10.5\ArcToolbox\Toolboxes\Data Management Tools.tbx\CalculateField" Date="20190405" Time="095139">CalculateField SGI1973 test "!RivLevel0! + str( !RivLevel1! ) + str( !RivLevel2! ) + str( !RivLevel3! ) + "-" + str( !PARENT!)" PYTHON_9.3 #</Process><Process ToolSource="c:\program files (x86)\arcgis\desktop10.5\ArcToolbox\Toolboxes\Data Management Tools.tbx\CalculateField" Date="20190405" Time="102441">CalculateField SGI1973 test "" PYTHON_9.3 #</Process><Process ToolSource="c:\program files (x86)\arcgis\desktop10.5\ArcToolbox\Toolboxes\Data Management Tools.tbx\CalculateField" Date="20190405" Time="103311">CalculateField SGI1973 Parent1850 !Parent1850! PYTHON_9.3 #</Process><Process ToolSource="c:\program files (x86)\arcgis\desktop10.5\ArcToolbox\Toolboxes\Data Management Tools.tbx\CalculateField" Date="20190405" Time="103321">CalculateField SGI1973 Parent1850 !Parent1850! PYTHON_9.3 #</Process><Process ToolSource="c:\program files (x86)\arcgis\desktop10.5\ArcToolbox\Toolboxes\Data Management Tools.tbx\CalculateField" Date="20190405" Time="103334">CalculateField SGI1973 Parent1850 !test! PYTHON_9.3 #</Process></lineage><coordRef><type Sync="TRUE">Projected</type><geogcsn Sync="TRUE">GCS_CH1903+</geogcsn><csUnits Sync="TRUE">Linear Unit: Meter (1.000000)</csUnits><projcsn Sync="TRUE">CH1903+_LV95</projcsn><peXml Sync="TRUE">&lt;ProjectedCoordinateSystem xsi:type='typens:ProjectedCoordinateSystem' xmlns:xsi='http://www.w3.org/2001/XMLSchema-instance' xmlns:xs='http://www.w3.org/2001/XMLSchema' xmlns:typens='http://www.esri.com/schemas/ArcGIS/10.5'&gt;&lt;WKT&gt;PROJCS[&amp;quot;CH1903+_LV95&amp;quot;,GEOGCS[&amp;quot;GCS_CH1903+&amp;quot;,DATUM[&amp;quot;D_CH1903+&amp;quot;,SPHEROID[&amp;quot;Bessel_1841&amp;quot;,6377397.155,299.1528128]],PRIMEM[&amp;quot;Greenwich&amp;quot;,0.0],UNIT[&amp;quot;Degree&amp;quot;,0.0174532925199433]],PROJECTION[&amp;quot;Hotine_Oblique_Mercator_Azimuth_Center&amp;quot;],PARAMETER[&amp;quot;False_Easting&amp;quot;,2600000.0],PARAMETER[&amp;quot;False_Northing&amp;quot;,1200000.0],PARAMETER[&amp;quot;Scale_Factor&amp;quot;,1.0],PARAMETER[&amp;quot;Azimuth&amp;quot;,90.0],PARAMETER[&amp;quot;Longitude_Of_Center&amp;quot;,7.439583333333333],PARAMETER[&amp;quot;Latitude_Of_Center&amp;quot;,46.95240555555556],UNIT[&amp;quot;Meter&amp;quot;,1.0]],VERTCS[&amp;quot;LN_1902&amp;quot;,VDATUM[&amp;quot;Landesnivellement_1902&amp;quot;],PARAMETER[&amp;quot;Vertical_Shift&amp;quot;,0.0],PARAMETER[&amp;quot;Direction&amp;quot;,1.0],UNIT[&amp;quot;Meter&amp;quot;,1.0]]&lt;/WKT&gt;&lt;XOrigin&gt;-27386400&lt;/XOrigin&gt;&lt;YOrigin&gt;-32067900&lt;/YOrigin&gt;&lt;XYScale&gt;10000&lt;/XYScale&gt;&lt;ZOrigin&gt;-100000&lt;/ZOrigin&gt;&lt;ZScale&gt;10000&lt;/ZScale&gt;&lt;MOrigin&gt;-100000&lt;/MOrigin&gt;&lt;MScale&gt;10000&lt;/MScale&gt;&lt;XYTolerance&gt;0.001&lt;/XYTolerance&gt;&lt;ZTolerance&gt;0.001&lt;/ZTolerance&gt;&lt;MTolerance&gt;0.001&lt;/MTolerance&gt;&lt;HighPrecision&gt;true&lt;/HighPrecision&gt;&lt;WKID&gt;2056&lt;/WKID&gt;&lt;LatestWKID&gt;2056&lt;/LatestWKID&gt;&lt;VCSWKID&gt;5728&lt;/VCSWKID&gt;&lt;LatestVCSWKID&gt;5728&lt;/LatestVCSWKID&gt;&lt;/ProjectedCoordinateSystem&gt;</peXml></coordRef></DataProperties><SyncDate>20190404</SyncDate><SyncTime>16334700</SyncTime><ModDate>20190404</ModDate><ModTime>16334700</ModTime></Esri><dataIdInfo><envirDesc Sync="TRUE"> Version 6.2 (Build 9200) ; Esri ArcGIS 10.5.1.7333</envirDesc><dataLang><languageCode value="eng" Sync="TRUE"></languageCode><countryCode value="CHE" Sync="TRUE"></countryCode></dataLang><idCitation><resTitle Sync="TRUE">SGI1973</resTitle><presForm><PresFormCd value="005" Sync="TRUE"></PresFormCd></presForm></idCitation><spatRpType><SpatRepTypCd value="001" Sync="TRUE"></SpatRepTypCd></spatRpType></dataIdInfo><mdLang><languageCode value="eng" Sync="TRUE"></languageCode><countryCode value="CHE" Sync="TRUE"></countryCode></mdLang><distInfo><distFormat><formatName Sync="TRUE">File Geodatabase Feature Class</formatName></distFormat></distInfo><mdHrLv><ScopeCd value="005" Sync="TRUE"></ScopeCd></mdHrLv><mdHrLvName Sync="TRUE">dataset</mdHrLvName><refSysInfo><RefSystem><refSysID><identCode code="2056" Sync="TRUE"></identCode><idCodeSpace Sync="TRUE">EPSG</idCodeSpace><idVersion Sync="TRUE">8.8(8.1.0)</idVersion></refSysID></RefSystem></refSysInfo><spatRepInfo><VectSpatRep><geometObjs Name="SGI1973"><geoObjTyp><GeoObjTypCd value="002" Sync="TRUE"></GeoObjTypCd></geoObjTyp><geoObjCnt Sync="TRUE">0</geoObjCnt></geometObjs><topLvl><TopoLevCd value="001" Sync="TRUE"></TopoLevCd></topLvl></VectSpatRep></spatRepInfo><spdoinfo><ptvctinf><esriterm Name="SGI1973"><efeatyp Sync="TRUE">Simple</efeatyp><efeageom code="4" Sync="TRUE"></efeageom><esritopo Sync="TRUE">FALSE</esritopo><efeacnt Sync="TRUE">0</efeacnt><spindex Sync="TRUE">TRUE</spindex><linrefer Sync="TRUE">FALSE</linrefer></esriterm></ptvctinf></spdoinfo><eainfo><detailed Name="SGI1973"><enttyp><enttypl Sync="TRUE">SGI1973</enttypl><enttypt Sync="TRUE">Feature Class</enttypt><enttypc Sync="TRUE">0</enttypc></enttyp><attr><attrlabl Sync="TRUE">OBJECTID</attrlabl><attalias Sync="TRUE">OBJECTID</attalias><attrtype Sync="TRUE">OID</attrtype><attwidth Sync="TRUE">4</attwidth><atprecis Sync="TRUE">0</atprecis><attscale Sync="TRUE">0</attscale><attrdef Sync="TRUE">Internal feature number.</attrdef><attrdefs Sync="TRUE">Esri</attrdefs><attrdomv><udom Sync="TRUE">Sequential unique whole numbers that are automatically generated.</udom></attrdomv></attr><attr><attrlabl Sync="TRUE">Shape</attrlabl><attalias Sync="TRUE">Shape</attalias><attrtype Sync="TRUE">Geometry</attrtype><attwidth Sync="TRUE">0</attwidth><atprecis Sync="TRUE">0</atprecis><attscale Sync="TRUE">0</attscale><attrdef Sync="TRUE">Feature geometry.</attrdef><attrdefs Sync="TRUE">Esri</attrdefs><attrdomv><udom Sync="TRUE">Coordinates defining the features.</udom></attrdomv></attr><attr><attrlabl Sync="TRUE">RivLevel0</attrlabl><attalias Sync="TRUE">RivLevel0</attalias><attrtype Sync="TRUE">String</attrtype><attwidth Sync="TRUE">1</attwidth><atprecis Sync="TRUE">0</atprecis><attscale Sync="TRUE">0</attscale></attr><attr><attrlabl Sync="TRUE">RivLevel1</attrlabl><attalias Sync="TRUE">RivLevel1</attalias><attrtype Sync="TRUE">Integer</attrtype><attwidth Sync="TRUE">4</attwidth><atprecis Sync="TRUE">0</atprecis><attscale Sync="TRUE">0</attscale></attr><attr><attrlabl Sync="TRUE">RivLevel2</attrlabl><attalias Sync="TRUE">RivLevel2</attalias><attrtype Sync="TRUE">Integer</attrtype><attwidth Sync="TRUE">4</attwidth><atprecis Sync="TRUE">0</atprecis><attscale Sync="TRUE">0</attscale></attr><attr><attrlabl Sync="TRUE">RivLevel3</attrlabl><attalias Sync="TRUE">RivLevel3</attalias><attrtype Sync="TRUE">String</attrtype><attwidth Sync="TRUE">1</attwidth><atprecis Sync="TRUE">0</atprecis><attscale Sync="TRUE">0</attscale></attr><attr><attrlabl Sync="TRUE">InventCode</attrlabl><attalias Sync="TRUE">InventCode</attalias><attrtype Sync="TRUE">Integer</attrtype><attwidth Sync="TRUE">4</attwidth><atprecis Sync="TRUE">0</atprecis><attscale Sync="TRUE">0</attscale></attr><attr><attrlabl Sync="TRUE">PARENT</attrlabl><attalias Sync="TRUE">PARENT</attalias><attrtype Sync="TRUE">Integer</attrtype><attwidth Sync="TRUE">4</attwidth><atprecis Sync="TRUE">0</atprecis><attscale Sync="TRUE">0</attscale></attr><attr><attrlabl Sync="TRUE">SGI</attrlabl><attalias Sync="TRUE">SGI</attalias><attrtype Sync="TRUE">String</attrtype><attwidth Sync="TRUE">8</attwidth><atprecis Sync="TRUE">0</atprecis><attscale Sync="TRUE">0</attscale></attr><attr><attrlabl Sync="TRUE">Shape_Length</attrlabl><attalias Sync="TRUE">Shape_Length</attalias><attrtype Sync="TRUE">Double</attrtype><attwidth Sync="TRUE">8</attwidth><atprecis Sync="TRUE">0</atprecis><attscale Sync="TRUE">0</attscale><attrdef Sync="TRUE">Length of feature in internal units.</attrdef><attrdefs Sync="TRUE">Esri</attrdefs><attrdomv><udom Sync="TRUE">Positive real numbers that are automatically generated.</udom></attrdomv></attr><attr><attrlabl Sync="TRUE">Shape_Area</attrlabl><attalias Sync="TRUE">Shape_Area</attalias><attrtype Sync="TRUE">Double</attrtype><attwidth Sync="TRUE">8</attwidth><atprecis Sync="TRUE">0</atprecis><attscale Sync="TRUE">0</attscale><attrdef Sync="TRUE">Area of feature in internal units squared.</attrdef><attrdefs Sync="TRUE">Esri</attrdefs><attrdomv><udom Sync="TRUE">Positive real numbers that are automatically generated.</udom></attrdomv></attr></detailed></eainfo><mdDateSt Sync="TRUE">20190404</mdDateSt></metadata>
